-- MySQL dump 10.13  Distrib 8.0.41, for Win64 (x86_64)
--
-- Host: localhost    Database: StudentVerificationDB
-- ------------------------------------------------------
-- Server version	8.0.41

/*!40101 SET @OLD_CHARACTER_SET_CLIENT=@@CHARACTER_SET_CLIENT */;
/*!40101 SET @OLD_CHARACTER_SET_RESULTS=@@CHARACTER_SET_RESULTS */;
/*!40101 SET @OLD_COLLATION_CONNECTION=@@COLLATION_CONNECTION */;
/*!50503 SET NAMES utf8mb4 */;
/*!40103 SET @OLD_TIME_ZONE=@@TIME_ZONE */;
/*!40103 SET TIME_ZONE='+00:00' */;
/*!40014 SET @OLD_UNIQUE_CHECKS=@@UNIQUE_CHECKS, UNIQUE_CHECKS=0 */;
/*!40014 SET @OLD_FOREIGN_KEY_CHECKS=@@FOREIGN_KEY_CHECKS, FOREIGN_KEY_CHECKS=0 */;
/*!40101 SET @OLD_SQL_MODE=@@SQL_MODE, SQL_MODE='NO_AUTO_VALUE_ON_ZERO' */;
/*!40111 SET @OLD_SQL_NOTES=@@SQL_NOTES, SQL_NOTES=0 */;

--
-- Table structure for table `finalimages`
--

DROP TABLE IF EXISTS `finalimages`;
/*!40101 SET @saved_cs_client     = @@character_set_client */;
/*!50503 SET character_set_client = utf8mb4 */;
CREATE TABLE `finalimages` (
  `finalImageId` int NOT NULL AUTO_INCREMENT,
  `studentId` varchar(50) DEFAULT NULL,
  `imageUrl` varchar(500) DEFAULT NULL,
  `analysisId` int DEFAULT NULL,
  PRIMARY KEY (`finalImageId`)
) ENGINE=InnoDB AUTO_INCREMENT=35 DEFAULT CHARSET=utf8mb4 COLLATE=utf8mb4_0900_ai_ci;
/*!40101 SET character_set_client = @saved_cs_client */;

--
-- Dumping data for table `finalimages`
--

LOCK TABLES `finalimages` WRITE;
/*!40000 ALTER TABLE `finalimages` DISABLE KEYS */;
INSERT INTO `finalimages` VALUES (1,'2025-004','uploads/2025-004/7.jpg',11),(2,'2025-004','uploads/2025-004/11.jpg',11),(3,'2025-005','uploads/2025-005/9.jpg',17),(4,'2025-005','uploads/2025-005/10.jpg',17),(5,'2025-005','uploads/2025-005/12.jpg',17),(6,'2025-005','uploads/2025-005/13.jpg',17),(7,'2025-006','uploads/2025-006/15.jpg',9),(8,'2025-005','uploads/2025-005/1766219141_img1.jpeg',17),(9,'2025-005','uploads/2025-005/1766219144_img2.jpeg',17),(10,'2025-005','uploads/2025-005/1766219145_img4.jpeg',17),(11,'2025-006','uploads/2025-006/1766228348_img1.jpeg',9),(12,'2025-006','uploads/2025-006/1766228406_img2.jpeg',9),(13,'2025-006','uploads/2025-006/1766228420_img4.jpeg',9),(14,'2025-002','uploads/2025-002/1766322629360_img1.jpeg',15),(15,'2025-002','uploads/2025-002/1766322629360_img4.jpeg',15),(16,'2025-002','uploads/2025-002/1766322629360_img2.jpeg',15),(17,'2025-002','uploads/2025-002/1766322942827_img1.jpeg',15),(18,'2025-002','uploads/2025-002/1766322942827_img4.jpeg',15),(19,'2025-002','uploads/2025-002/1766322942827_img2.jpeg',15),(20,'2025-004','uploads/2025-004/1766333858078_test2.webp',11),(21,'2025-005','uploads/2025-005/1766415205688_img4.jpeg',17),(22,'2025-005','uploads/2025-005/1766415205688_img1.jpeg',17),(23,'2025-005','uploads/2025-005/1766415205688_img2.jpeg',17),(24,'2025-001','uploads/2025-001/1766416304676_img1.jpeg',14),(25,'2025-001','uploads/2025-001/1766416304676_img4.jpeg',14),(26,'2025-001','uploads/2025-001/1766416304676_img2.jpeg',14),(27,'2025-001','uploads/2025-001/1766419767346_img1.jpeg',14),(28,'2025-001','uploads/2025-001/1766419767346_img4.jpeg',14),(29,'2025-001','uploads/2025-001/1766419767346_img2.jpeg',14),(30,'2025-002','uploads/2025-002/1766482574576_img4.jpeg',15),(31,'2025-002','uploads/2025-002/1766482574576_img1.jpeg',15),(32,'2025-002','uploads/2025-002/1766482574576_img2.jpeg',15),(33,'2025-005','uploads/2025-005/1766483397035_img1.jpeg',17),(34,'2025-005','uploads/2025-005/1766483821158_img1.jpeg',17);
/*!40000 ALTER TABLE `finalimages` ENABLE KEYS */;
UNLOCK TABLES;

--
-- Table structure for table `imageanalysis`
--

DROP TABLE IF EXISTS `imageanalysis`;
/*!40101 SET @saved_cs_client     = @@character_set_client */;
/*!50503 SET character_set_client = utf8mb4 */;
CREATE TABLE `imageanalysis` (
  `analysisId` int NOT NULL AUTO_INCREMENT,
  `qualityStatus` varchar(20) DEFAULT NULL,
  `conditionResult` varchar(50) DEFAULT NULL,
  `issuesFound` json DEFAULT NULL,
  `studentId` varchar(50) DEFAULT NULL,
  PRIMARY KEY (`analysisId`)
) ENGINE=InnoDB AUTO_INCREMENT=18 DEFAULT CHARSET=utf8mb4 COLLATE=utf8mb4_0900_ai_ci;
/*!40101 SET character_set_client = @saved_cs_client */;

--
-- Dumping data for table `imageanalysis`
--

LOCK TABLES `imageanalysis` WRITE;
/*!40000 ALTER TABLE `imageanalysis` DISABLE KEYS */;
INSERT INTO `imageanalysis` VALUES (1,'GOOD','MODERATE','[\"One image displays a rural house exterior with a thatched roof and worn, whitewashed walls.\", \"The environment surrounding the first house is dry, dusty, and sparsely vegetated.\", \"The second image shows an interior room with light green painted walls and tiled flooring.\", \"The interior room contains a bed, a desk, a chair, a computer monitor, and a JBL speaker.\", \"A wall clock and a visible refrigerator unit through an opening are present in the interior room.\"]','2025-004'),(2,'GOOD','Analyzed','[\"No images available\"]','2025-005'),(3,'GOOD','POOR','[\"One image displays a single-story rural house with a thatched roof and unpaved surroundings.\", \"An interior room contains multiple simple cots used as beds and exposed wooden ceiling beams.\", \"Another room features a desk with a flat-screen monitor and an external speaker.\", \"Personal items, including clothes and religious artifacts, are openly displayed or stored on shelves.\", \"The interior spaces generally appear compact and utilize simple furnishings.\"]','2025-005'),(4,'GOOD','Analyzed','[\"No images available\"]','2025-001'),(5,'GOOD','POOR','[\"The house features a traditional thatched roof.\", \"The walls appear to be constructed from simple materials, with some sections whitewashed.\", \"A small lean-to porch, also with a thatched roof, is supported by wooden poles.\", \"The ground surrounding the house is dry, dusty, and unpaved.\", \"The windows are painted a distinct blue color.\"]','2025-006'),(6,'GOOD','POOR','[\"The house has a thatched roof.\", \"The walls appear to be made of basic materials, partially painted white.\", \"The surrounding ground is dry, dusty, and barren.\", \"There is a simple awning made of thatch supported by wooden poles.\", \"The windows are painted blue and look like simple wooden frames.\"]','2025-006'),(7,'GOOD','POOR','[\"The house has a thatched roof, indicating basic construction materials.\", \"A thatched lean-to or awning extends from the front, supported by wooden poles.\", \"The walls are partially painted white, while other sections appear to be unpainted earth or mud.\", \"There are windows or doors painted a distinct blue color.\", \"The surrounding ground is dry, dusty, and uneven, suggesting a rural or undeveloped setting.\"]','2025-006'),(8,'GOOD','POOR','[\"One interior room features a modern computer setup, a study desk, and tiled flooring.\", \"Other interior rooms appear basic with worn walls, open shelving, and multiple beds, indicating shared sleeping arrangements.\", \"A rustic, rural house with a thatched roof and dry, uncultivated surroundings is depicted.\", \"Clothes are seen hung indoors on a rope or line in one of the rooms, suggesting limited dedicated space.\", \"Simple religious iconography and basic household items are displayed on shelves in some rooms.\"]','2025-005'),(9,'GOOD','POOR','[\"The exterior of the house has a thatched roof and walls made of basic materials, painted white with blue window frames.\", \"The surrounding environment is unpaved, dry, and appears to be a rural or semi-rural setting with hills in the background.\", \"One interior room features multiple simple beds, a metal wardrobe, and shelves filled with various personal and religious items.\", \"Another interior room has blue and white patterned floor tiles, walls with significant peeling paint, and clothes hung on a line across the room.\", \"Both interior spaces show basic, well-used furnishings and signs of wear and tear, indicating a modest living standard.\"]','2025-006'),(10,'GOOD','POOR','[\"The house exterior features a thatched roof and is set in an unpaved, dusty environment.\", \"Interior walls in one room show significant discoloration, peeling paint, and apparent signs of dampness.\", \"Clothes are hung on makeshift lines or racks within the living spaces, indicating limited storage.\", \"Sleeping arrangements consist of simple beds or cots, with a young child visible on one.\", \"The interior spaces contain basic furniture such as a metal cupboard, shelves, and a ceiling fan in one room.\"]','2025-002'),(11,'GOOD','POOR','[\"One image shows a rustic house with a thatched roof and partially plastered walls.\", \"The exterior house is situated in a dry, unpaved environment, suggesting a rural setting.\", \"Another image displays an interior room with light green painted walls and patterned floor tiles.\", \"The interior room is furnished with a bed, a desk, a computer monitor, and a JBL speaker.\", \"A wall clock and a fluorescent light fixture are visible on the wall of the interior room.\"]','2025-004'),(12,'GOOD','POOR','[\"The exterior of a house is a simple, single-story structure with a thatched roof and mud walls, situated in a dry, unpaved area.\", \"Interior rooms often feature basic sleeping arrangements like cots or simple beds, with multiple beds in some spaces.\", \"Walls in several images show signs of wear, including peeling paint, unpolished surfaces, and visible structural beams.\", \"One interior room contains a desk with a modern computer monitor and speakers, indicating some access to electronics.\", \"Living spaces are generally cluttered with personal belongings, clothing hung openly, and various decorative or religious items displayed on shelves.\"]','2025-005'),(13,'GOOD','POOR','[\"The exterior house features a thatched roof and unpaved surroundings.\", \"One interior room has visibly peeling paint on the walls and ceiling.\", \"Clothes are hung on a makeshift line across one of the interior rooms.\", \"Another interior room contains multiple simple beds or sleeping mats in a small space.\", \"The furniture in the interior rooms, such as a metal wardrobe and shelves, appears basic and well-used.\"]','2025-001'),(14,'GOOD','POOR','[\"The exterior of the house features a thatched roof and simple whitewashed walls.\", \"The surrounding environment is unpaved and appears rural or arid.\", \"Interior rooms are small, cluttered, and show signs of wear on walls and ceilings.\", \"Clothes are hung on lines or simple racks inside the rooms.\", \"Sleeping arrangements include floor beds and cots, with a child visible on one.\"]','2025-001'),(15,'GOOD','POOR','[\"The exterior of the house has a thatched roof and unpainted walls in a dry, unpaved rural setting.\", \"Interior rooms feature peeling paint on walls and ceilings, with exposed beams or unfinished surfaces.\", \"Sleeping arrangements include multiple beds or low platforms in confined spaces, with one image showing a child sleeping.\", \"Clothes are hung on makeshift lines or simple racks due to limited storage space.\", \"Household items and furniture are basic and functional, with no apparent luxuries visible.\"]','2025-002'),(16,'GOOD','POOR','[\"One image displays a rural house with a thatched roof and whitewashed walls, set in a dry, open landscape.\", \"An indoor room shows a dedicated study area equipped with a computer monitor, an external speaker, and a modern chair.\", \"Another indoor room appears crowded with multiple beds and various personal items stored on open wall shelves.\", \"Walls in several indoor images exhibit signs of wear, including peeling paint, discoloration, and general aging.\", \"Basic amenities such as a ceiling fan, simple bedding, and functional but not luxurious furniture are visible across different rooms.\"]','2025-005'),(17,'GOOD','POOR','[\"One image displays a simple rural house with a thatched roof and basic construction.\", \"Several indoor rooms appear small and crowded, featuring multiple sleeping arrangements.\", \"The walls in some interior spaces show signs of wear, discoloration, or peeling paint.\", \"Basic furnishings are observed, including beds on the floor, simple chairs, and metal storage cupboards.\", \"One room includes a modern computer monitor and speaker, indicating some access to technology.\"]','2025-005');
/*!40000 ALTER TABLE `imageanalysis` ENABLE KEYS */;
UNLOCK TABLES;

--
-- Table structure for table `marks_10th`
--

DROP TABLE IF EXISTS `marks_10th`;
/*!40101 SET @saved_cs_client     = @@character_set_client */;
/*!50503 SET character_set_client = utf8mb4 */;
CREATE TABLE `marks_10th` (
  `studentId` varchar(50) NOT NULL,
  `tamil` varchar(10) DEFAULT NULL,
  `english` varchar(10) DEFAULT NULL,
  `maths` varchar(10) DEFAULT NULL,
  `science` varchar(10) DEFAULT NULL,
  `social` varchar(10) DEFAULT NULL,
  `total` varchar(10) DEFAULT NULL,
  PRIMARY KEY (`studentId`),
  CONSTRAINT `marks_10th_ibfk_1` FOREIGN KEY (`studentId`) REFERENCES `student` (`studentId`) ON DELETE CASCADE
) ENGINE=InnoDB DEFAULT CHARSET=utf8mb4 COLLATE=utf8mb4_0900_ai_ci;
/*!40101 SET character_set_client = @saved_cs_client */;

--
-- Dumping data for table `marks_10th`
--

LOCK TABLES `marks_10th` WRITE;
/*!40000 ALTER TABLE `marks_10th` DISABLE KEYS */;
INSERT INTO `marks_10th` VALUES ('2025-001','92','88','95','90','89','454'),('2025-002','94','90','93','92','91','460'),('2025-003','88','85','94','89','90','446'),('2025-004','86','84','90','88','87','435'),('2025-005','95','92','98','94','93','472'),('2025-006','90','88','95','92','87','452');
/*!40000 ALTER TABLE `marks_10th` ENABLE KEYS */;
UNLOCK TABLES;

--
-- Table structure for table `marks_12th`
--

DROP TABLE IF EXISTS `marks_12th`;
/*!40101 SET @saved_cs_client     = @@character_set_client */;
/*!50503 SET character_set_client = utf8mb4 */;
CREATE TABLE `marks_12th` (
  `studentId` varchar(50) NOT NULL,
  `tamil` varchar(10) DEFAULT NULL,
  `english` varchar(10) DEFAULT NULL,
  `maths` varchar(10) DEFAULT NULL,
  `physics` varchar(10) DEFAULT NULL,
  `chemistry` varchar(10) DEFAULT NULL,
  `total` varchar(10) DEFAULT NULL,
  `cutoff` varchar(10) DEFAULT NULL,
  PRIMARY KEY (`studentId`),
  CONSTRAINT `marks_12th_ibfk_1` FOREIGN KEY (`studentId`) REFERENCES `student` (`studentId`) ON DELETE CASCADE
) ENGINE=InnoDB DEFAULT CHARSET=utf8mb4 COLLATE=utf8mb4_0900_ai_ci;
/*!40101 SET character_set_client = @saved_cs_client */;

--
-- Dumping data for table `marks_12th`
--

LOCK TABLES `marks_12th` WRITE;
/*!40000 ALTER TABLE `marks_12th` DISABLE KEYS */;
INSERT INTO `marks_12th` VALUES ('2025-001','90','88','95','92','91','456','185.50'),('2025-002','87','86','78','88','90','429','164.50'),('2025-003','92','90','96','94','93','465','189.25'),('2025-004','85','82','76','80','78','401','155.00'),('2025-005','94','93','98','96','95','476','193.00'),('2025-006','88','86','94','91','85','533',NULL);
/*!40000 ALTER TABLE `marks_12th` ENABLE KEYS */;
UNLOCK TABLES;

--
-- Table structure for table `physicalverification`
--

DROP TABLE IF EXISTS `physicalverification`;
/*!40101 SET @saved_cs_client     = @@character_set_client */;
/*!50503 SET character_set_client = utf8mb4 */;
CREATE TABLE `physicalverification` (
  `verificationId` int NOT NULL AUTO_INCREMENT,
  `studentId` varchar(50) DEFAULT NULL,
  `volunteerId` varchar(50) DEFAULT NULL,
  `propertyType` varchar(100) DEFAULT NULL,
  `whatYouSaw` text,
  `comment` text,
  `status` varchar(255) DEFAULT NULL,
  `elementsSummary` text,
  `sentiment` text,
  `verificationDate` date DEFAULT NULL,
  `voice_comments` text,
  `sentiment_text` text,
  `audio_s3_key` varchar(255) DEFAULT NULL COMMENT 'S3 key for audio file (e.g., audio/STU001.wav)',
  PRIMARY KEY (`verificationId`),
  KEY `studentId` (`studentId`),
  KEY `volunteerId` (`volunteerId`),
  KEY `idx_audio_s3_key` (`audio_s3_key`),
  CONSTRAINT `physicalverification_ibfk_1` FOREIGN KEY (`studentId`) REFERENCES `student` (`studentId`) ON DELETE CASCADE,
  CONSTRAINT `physicalverification_ibfk_2` FOREIGN KEY (`volunteerId`) REFERENCES `volunteer` (`volunteerId`) ON DELETE SET NULL
) ENGINE=InnoDB AUTO_INCREMENT=16 DEFAULT CHARSET=utf8mb4 COLLATE=utf8mb4_0900_ai_ci;
/*!40101 SET character_set_client = @saved_cs_client */;

--
-- Dumping data for table `physicalverification`
--

LOCK TABLES `physicalverification` WRITE;
/*!40000 ALTER TABLE `physicalverification` DISABLE KEYS */;
INSERT INTO `physicalverification` VALUES (1,'2025-001','V003','Orphanage','He is living in the orphanage','Here is the translation of the given text from Tanglish to professional English:\n\nFamily Background: \nThe student has been residing in an orphanage since the age of 2. The orphanage provides food, shelter, and education up to the completion of 12th standard. For students who have lost both parents, the orphanage takes care of their needs. However, in cases where one parent is still alive and working, they manage with a monthly income of Rs. 20,000 in Bangalore. Despite their financial struggles, the parent strives to educate their child, and the foundation supports them. Unfortunately, not all students are as fortunate. The foundation does not provide sufficient funding, and the student\'s academic performance is also a concern, with a particular interest in pursuing engineering. The student requires assistance from our organization.\n\nHousehold Verification: \n\nFinancial Observation: \n\nLoan / EMI Details: \n\nEducation Loan: \n\nStudent Attitude / Behavior: \n\nOther Observations: \n\nBackup Plan: \nIf our organization is unable to provide support, the next available option for the student would be to pursue a course in arts and science at a local government college. Alternatively, the student could consider enrolling in a diploma course in photography, which is an area of interest.','SELECT','TEXT/AUDIO SUMMARY:\nThe student has been living in an orphanage since the age of 2.; The student\'s parents are deceased, and the orphanage provides food, shelter, and education.; The student is interested in studying engineering and has scored good marks.; The foundation that supports the orphanage does not have sufficient funds to support the student\'s further education.; The student\'s next option is to seek local support or enroll in a government college for arts and science.','SELECT','2025-12-22','00:00 The student has been staying at the orphanage. He has been studying there since he was two years old, up to 12th grade. The foundation provides him with food, shelter, and covers all his educational expenses. They have been taking care of everything since he was two years old. The student\'s parents are both deceased. He has an older brother, and this foundation also supported his education. The older brother is now working in Bangalore after studying a course related to cameras. He earns ₹20,000 per month, which covers his own expenses. I asked if they could support this student\'s education, and they said no. They only earn ₹20,000. When I asked if the foundation could support this student\'s next studies, they said no, because they currently don\'t have the funds. When his brother was studying, they had funds, so they provided for him. Since they don\'t have funds for this student now, they can\'t help him. The student is currently inquiring with government colleges about his next steps. He is very interested in studying engineering. If we can\'t secure a change for him, he will have to choose a seat in an Arts and Science college. His next option is to seek some local support from people living nearby. However, this student is very keen on studying engineering and has scored good marks.\nGerman: Der Student wohnt im Waisenhaus. Er studiert dort, seit er zwei Jahre alt war, bis zur 12. Klasse. Die Stiftung versorgt ihn mit Essen, Unterkunft und übernimmt alle seine Bildungskosten. Sie haben sich um alles gekümmert, seit er zwei Jahre alt war. Die Eltern des Studenten sind beide verstorben. Er hat einen älteren Bruder, und diese Stiftung hat auch dessen Ausbildung unterstützt. Der ältere Bruder arbeitet jetzt in Bangalore, nachdem er einen Kurs im Bereich Kamera studiert hat. Er verdient 20.000 ₹ pro Monat, wovon er seine eigenen Ausgaben bestreitet. Ich fragte, ob sie die Ausbildung dieses Studenten unterstützen könnten, und sie sagten nein. Sie verdienen nur 20.000 ₹. Als ich fragte, ob die Stiftung die nächsten Studien dieses Studenten unterstützen könnte, sagten sie nein, weil sie derzeit keine Mittel haben. Als sein Bruder studierte, hatten sie Mittel, also haben sie ihn versorgt. Da sie jetzt keine Mittel für diesen Studenten haben, können sie ihm nicht helfen. Der Student erkundigt sich gerade bei staatlichen Hochschulen über seine nächsten Schritte. Er ist sehr daran interessiert, Ingenieurwesen zu studieren. Wenn wir keine Veränderung für ihn erreichen können, wird er einen Platz an einem Kunst- und Wissenschaftscollege wählen müssen. Seine nächste Option ist es, lokale Unterstützung von Menschen in der Nähe zu suchen. Dieser Student ist jedoch sehr daran interessiert, Ingenieurwesen zu studieren und hat gute Noten erzielt.','95.0',NULL),(2,'2025-002','V003','Orphanage','He is living in the orphanage','Here is the converted text in professional English:\n\n\nFamily Background: The student has been residing in an orphanage since the age of 2. The orphanage provides food, shelter, and education until the student completes their schooling. For students who have lost both parents, the orphanage takes care of them until they turn 12. One such student, who has been living in the orphanage, has been working in Bangalore and earning a monthly income of Rs. 20,000, which is managed by their elder brother. The brother is also responsible for the student\'s education and has been supporting them to pursue their studies. However, the foundation that supports the orphanage does not provide sufficient funding, and the student\'s academic performance is average. Despite this, the student is highly interested in pursuing engineering. The student requires assistance from our organization. If we are unable to support them, the next best option would be for the student to pursue an arts and science course at a local government college, as their brother is already studying arts and science and has also completed a diploma in photography.\n\n\nHousehold Verification: \n\nFinancial Observation: \n\nLoan / EMI Details: \n\nEducation Loan: \n\nStudent Attitude / Behavior: \n\nOther Observations: \n\nBackup Plan: \n\nNote: The last few sections appear to be headings or categories, and there is no text provided for these sections. If you provide the text, I can assist with converting it to professional English.','SELECT','TEXT/AUDIO SUMMARY:\nThe student has been living in an orphanage since the age of 2.; The orphanage provides food, shelter, and education until the student completes schooling.; The student is interested in pursuing engineering.; The foundation that supports the orphanage does not have sufficient funds to support the student\'s further education.; The student\'s next option is to pursue an arts and science course at a local government college.','SELECT','2025-12-23','00:00 ஒரு ஸ்டுடென்ட் வந்து ஆர்பனேஜ்ல வந்து ஸ்டே பண்ணிட்டு இருக்கான். ரெண்டு வருஷமா இருந்து ரெண்டு வயசுல இருந்து ஆர்பனேஜ்ல தான் ஸ்டடி பண்றான். 12th வரைக்கும். அந்த அந்த ஃபவுண்டேஷன் வந்து அவங்களே வந்து அவங்களுக்கான சாப்பாடு, ஷெல்டர், அவனுக்கான படிப்பு செலவு எல்லாமே அவங்களே ப்ரொவைட் பண்ணிட்டாங்க. அவன் ரெண்டு வயசுல இருந்து ஃபுல்லாவே எல்லாத்தையும் அவங்க பார்த்துகிட்டாங்க. இந்த ஸ்டுடென்ட்க்கு வந்து அப்பா, அம்மா ரெண்டு பேருமே கிடையாது. ஒரு அண்ணன் இருக்கான். அவனையும் இந்த ஃபவுண்டேஷன் தான் படிக்க வச்சிருக்காங்க. அந்த அண்ணன் வந்து இப்போ வந்து ஒரு கேமரான்ற ஒரு படிப்பு வந்து படிச்சு பெங்களூர்ல வேலை பாத்துட்டு இருக்காங்க. அவங்களுக்கு மாசம் ₹20,000 அவங்க அந்த அவங்களோட செலவை அவங்களே பார்த்துக்கிறாங்க. இப்ப இந்த பையனை படிக்க வைக்க முடியுமானு கேட்டேன், முடியாதுன்னு சொல்லிட்டாங்க. அவங்க 20,000 தான் வாங்குறாங்க. இப்ப இந்த பையன் ஃபவுண்டேஷன்ல நெக்ஸ்ட் படிக்க வைக்க முடியுமானு கேட்டதுக்கு, இல்ல முடியாதுன்னு சொல்லிட்டாங்க. ஏன்னா அவங்ககிட்ட இப்போ ஃபண்டு கிடையாது. அவங்க அண்ணன் படிக்கும்போது ஃபண்டு இருந்துச்சு. அதனால அவங்களுக்கு வந்து அதை கொடுத்தாங்க. இப்ப இந்த பையனுக்கு ஃபண்டு இல்லாதனால, இந்த பையனுக்கு கொடுக்கல. இந்த பையன் நெக்ஸ்ட் என்ன பண்ணனும்னா, இப்ப கவர்ன்மென்ட் காலேஜஸ்ல வந்து கேட்டுட்டு இருக்காங்க. ஸ்டுடென்ட்ஸ்க்கு வந்து இன்ஜினியரிங் படிக்க ரொம்ப இன்ட்ரஸ்டட். இப்ப நம்ம மாற்றம் கிடைக்கலைன்னா, அவன் நெக்ஸ்ட் வந்து ஒரு ஆர்ட்ஸ் அண்ட் சயின்ஸ் காலேஜ்ல ஏதாச்சும் ஒரு சீட் எடுத்துப்பான். இல்லைன்னா அவனுக்கு நெக்ஸ்ட் ஆப்ஷன் வந்து அவங்க பக்கத்திலேயே ஏதாவது ஒரு சின்ன லோக்கல் சப்போர்ட் மாதிரி கேட்டு இருக்காங்க. ஆனா அந்த பையனுக்கு இன்ஜினியரிங் படிக்கணும்னு ரொம்ப ஆசை. நல்ல மார்க் எடுத்திருந்தான். This is a very\nEnglish: A student is staying at an orphanage. He has been studying at the orphanage since he was two years old. Until 12th grade. The foundation provides him with food, shelter, and all his educational expenses. They took care of everything for him since he was two years old. This student doesn\'t have a father or a mother. He has an elder brother. The foundation also supported his education. The elder brother has now studied a course in camerawork and is working in Bangalore. He earns 20,000 rupees a month and manages his own expenses. I asked if they could support this boy\'s education, and they said they couldn\'t. They only receive 20,000. When I asked if the foundation could support this boy\'s next studies, they said no, they couldn\'t. Because they don\'t have funds now. When his elder brother studied, there were funds. So they provided him with support. Now, because this boy doesn\'t have funds, they didn\'t provide him with support. What this boy will do next is, they are asking in government colleges. This student is very interested in studying engineering. If we don\'t find a solution now, he will next take a seat in some arts and science college. Or his next option is they have asked for some small local support nearby. But this boy really wants to study engineering. He had good marks. This is a very','92.0',NULL),(3,'2025-004','V003','House','Their house consists of luxurious items','Here is the converted text in professional English:\n\nFamily Background: \nThe family members work hard, but they struggle with proper income distribution. My father has a drinking habit, which affects our financial management. Despite living in a rented house, our living conditions are satisfactory, with recent purchases of a new sofa, TV, and fridge, which masks our financial struggles. When comparing our monthly income and expenses, it appears that we have some savings, and we utilize government schemes, which makes our actual financial difficulties less apparent. Although we have a house loan and a bike loan, the EMI amounts are manageable, and the situation does not seem to have a negative impact on the student. We are eligible to apply for an education loan, but we are hesitant due to the interest rates.\n\nHousehold Verification: \n(No information provided)\n\nFinancial Observation: \n(No information provided)\n\nLoan / EMI Details: \n(No information provided)\n\nEducation Loan: \n(No information provided)\n\nStudent Attitude / Behavior: \nThe student\'s communication skills are somewhat weak, and their motivation and confidence levels are also low, resulting in hesitation when answering questions.\n\nOther Observations: \nThere are no major health issues in the family, and we do not have a single-parent situation or any other extraordinary hardships. The student\'s approach to scholarship opportunities seems casual, and we do not have a proper backup plan in place, which is a concern.\n\nBackup Plan: \n(No information provided)\n\nNote: The original text appears to be a report or assessment of a student\'s family background and financial situation, possibly for the purpose of evaluating their eligibility for financial aid or scholarships. The converted text aims to maintain the original meaning and content while presenting it in a more formal and professional tone.','SELECT','TEXT/AUDIO SUMMARY:\nThe student\'s family has a hard time managing their income due to the father\'s drinking habit.; The family has a house loan and a bike loan, but the EMI amounts are manageable.; The student\'s communication skills are weak, and their motivation and confidence levels are low.; The family is using government schemes, which helps with their financial situation.; The student does not seem to be heavily impacted by their family\'s financial struggles.','DO NOT SELECT','2025-12-21','**Tamil Transcription:**\nஃபாமிலில ரெண்டு பேர் வொர்க் பண்றாங்க பட் இன்கம் ப்ராப்பரா ஷேர் பண்ண மாட்டாங்க. அப்பாவுக்கு கொஞ்சம் டிரிங்கிங் ஹாபிட் இருக்கு சோ மணி மேனேஜ்மென்ட் ரொம்ப வீக். வீடு ரென்டடா இருந்தாலும் கண்டிஷன் ரொம்ப நல்லாதான் இருக்கு. புது சோஃபா, டிவி, ஃபிரிட்ஜ்லாம் ரீசண்டா வாங்கிருக்காங்க. ஃபினான்சியல் ஸ்ட்ரகிள் மாதிரிலாம் தெரியல. மந்த்லி இன்கமும் எக்ஸ்பென்ஸஸும் கம்பேர் பண்ணா சேவிங்ஸ் இருக்குன்னு சொல்லி காமிச்சாங்க. கவர்ன்மென்ட் ஸ்கீம்ஸ் யூஸ் பண்ணிட்டு இருக்காங்க சோ ஆக்சுவலா பினான்சியல் இஸ்யூ ஸ்ட்ராங்கா தெரியல. ஹவுஸ் லோன், பைக் லோன் ரெண்டும் ரெண்டும் இருந்தாலும் இஎம்ஐ அமௌன்ட் மேனேஜபிலாதான் இருக்கு. ஸ்டூடென்ட்க்கு இம்பாக்ட் ஆகுற மாதிரி நெகட்டிவ் சிச்சுவேஷன் இல்லாம இருந்துச்சு. எஜுகேஷன் லோன் அப்ளை பண்ணல. எலிஜிபிலிட்டி இருந்தாலுமே ட்ரை பண்ண இன்ட்ரெஸ்ட் காமிக்கல. ஸ்டூடென்ட் கம்யூனிகேஷனும் கொஞ்சம் வீக்காதான் இருக்கு. மோட்டிவேஷன் லெவலும் கான்பிடன்ஸ் லெவலும் கம்மி. கொஸ்டின்க்கு ஆன்சர் பண்ண ஹெசிடேஷன் இருந்துச்சு. ஃபாமிலில மேஜர் ஹெல்த் பிராப்ளம் இல்ல, சிங்கிள் பேரண்ட் சிச்சுவேஷனும் இல்ல. எக்ஸ்ட்ரா ஹார்ட்ஷிப் சினாரியோ ஒன்னும் தெரியல. ஸ்காலர்ஷிப் கிடைச்சாலும் சரின்னு பேசுன மாதிரி இருந்துச்சு. ப்ராப்பர் பேக்கப் பிளான் இல்லாம சீரியஸ் அட்டெம்ட் மாதிரி இல்ல.\n\n**English Translation:**\nIn the family, two people work, but they don\'t share the income properly. Father has a bit of a drinking habit, so money management is very weak. Even though the house is rented, the condition is very good. They recently bought a new sofa, TV, fridge, etc. It doesn\'t seem like there\'s any financial struggle. When comparing monthly income and expenses, they showed that there are savings. They are using government schemes, so actually, the financial issue doesn\'t seem strong. Even though there are both a house loan and a bike loan, the EMI amount is manageable. There was no negative situation that would impact the student. They didn\'t apply for an education loan. Even though there was eligibility, they didn\'t show interest in trying. The student\'s communication is also a bit weak. Motivation level and confidence level are low. There was hesitation to answer questions. There are no major health problems in the family, nor is it a single-parent situation. No extra hardship scenario was apparent. They talked as if it would be fine even if they got a scholarship (implying it wasn\'t a critical necessity). It didn\'t seem like a serious attempt without a proper backup plan.','70.0',NULL),(4,'2025-005','V003','Orphanage','He is living in the orphanage','Here is the converted text in professional English:\n\n\nFamily Background: The student has been residing in an orphanage since the age of 2. The orphanage provides food, shelter, and education until the student completes their schooling. For students who have lost both parents, the orphanage takes care of them until they turn 12. One such student, who has been living in the orphanage, has an elder brother who works in Bangalore and earns a monthly income of Rs. 20,000, which he manages to save. The brother had pursued his education with the help of the foundation and is now studying in college. However, the foundation does not provide sufficient funding, and the student\'s academic performance is excellent, with a keen interest in pursuing engineering. The student requires assistance from our organization. If we are unable to provide support, the next available option for the student would be to pursue an arts and science course at a local government college. The student\'s brother is currently pursuing an arts and science course and has also completed a diploma in photography.\n\n\nHousehold Verification: \n\nFinancial Observation: \n\nLoan / EMI Details: \n\nEducation Loan: \n\nStudent Attitude / Behavior: \n\nOther Observations: \n\nBackup Plan: \n\nNote: The provided text seems to be a template for a student\'s background and financial information, with some sections left blank. The converted text only includes the filled-in sections.','SELECT','TEXT/AUDIO SUMMARY:\nThe student has been living in an orphanage since the age of 2.; The student\'s brother works in Bangalore and earns a monthly income of Rs. 20,000.; The orphanage does not provide sufficient funding for the student\'s higher education.; The student is interested in pursuing engineering but may have to settle for an arts and science course if not supported.; The student\'s brother was also educated with the help of the foundation and is now working.','SELECT','2025-12-23','00:00 The student has been staying at the orphanage. He has been studying there since he was two years old, up until 12th grade. The foundation provided for all his needs including food, shelter, and education. They took care of everything since he was two years old.\n00:18 The student doesn\'t have parents; he has an elder brother whom the foundation also educated. That brother is now working in Bangalore after studying a course in \"camera\" (likely referring to photography or videography). He earns 20,000 rupees a month, covering his own expenses. When I asked if they could educate this boy, they said no, as they only earn 20,000.\n00:40 When I asked if the foundation could educate this boy next, they said no because they don\'t have funds now. When his brother was studying, they had funds, so they provided for him. Since they don\'t have funds for this boy, they won\'t provide for him.\n00:55 This boy is now asking government colleges. The student is very interested in studying engineering. If we don\'t get a transfer now, he will next take a seat in some Arts and Science college. His next option is to ask for some small local support nearby. But this boy really wants to study engineering. He scored good marks.\n01:21 This is a request for help.\nEnglish: The student has been staying at the orphanage. He has been studying there since he was two years old, up until 12th grade. The foundation provided for all his needs including food, shelter, and education. They took care of everything since he was two years old. The student doesn\'t have parents; he has an elder brother whom the foundation also educated. That brother is now working in Bangalore after studying a course in \"camera\" (likely referring to photography or videography). He earns 20,000 rupees a month, covering his own expenses. When I asked if they could educate this boy, they said no, as they only earn 20,000. When I asked if the foundation could educate this boy next, they said no because they don\'t have funds now. When his brother was studying, they had funds, so they provided for him. Since they don\'t have funds for this boy, they won\'t provide for him. This boy is now asking government colleges. The student is very interested in studying engineering. If we don\'t get a transfer now, he will next take a seat in some Arts and Science college. His next option is to ask for some small local support nearby. But this boy really wants to study engineering. He scored good marks. This is a request for help.','88.0','audio/2025-005.wav'),(15,'2025-006','V003','Orphanage','He is living in the orphanage','Here is the converted text in professional English:\n\n\nFamily Background: The student has been residing in an orphanage since the age of 2. The orphanage provides food, shelter, and education up to the completion of schooling. For students who have lost both parents, the orphanage offers support until they complete their 12th standard. In some cases, if a student has a sibling who is working, they may receive a monthly stipend of Rs. 20,000 from their sibling, which they use to manage their expenses in Bangalore. However, this amount is insufficient for their educational pursuits. The foundation supports such students, enabling them to pursue higher education, including college. Unfortunately, not all students receive funding, and those who excel academically, particularly in engineering, require additional assistance. The student is in need of help from our organization.\n\n\nHousehold Verification: \n\nFinancial Observation: \n\nLoan / EMI Details: \n\nEducation Loan: \n\nStudent Attitude / Behavior: \n\nOther Observations: \n\nBackup Plan: \n\nNote: The last few sections appear to be headings or categories, and there is no text provided for translation. If you provide the text for these sections, I can assist with the translation.','SELECT','TEXT/AUDIO SUMMARY:\nThe student has been living in an orphanage since the age of 2.; The student\'s family background is unknown, but they have no parents.; The orphanage provides food, shelter, and education up to 12th standard.; The student is interested in studying engineering and has scored good marks.; The student\'s elder brother is working in Bangalore and earns 20,000 rupees per month.','SELECT','2025-12-20','00:00:00 The student வந்து ஆர்பனேஜ்ல இருந்து ஸ்டே பண்ணிட்டு இருக்கான். ரெண்டு வருஷமா இருந்து, ரெண்டு வயசுல இருந்து ஆர்பனேஜ்ல தான் ஸ்டடி பண்றான் 12th வரைக்கும். அந்த அந்த பவுண்டேஷன் வந்து அவங்களே வந்து அவங்களுக்கான சாப்பாடு, ஷெல்டர் அவனுக்கான படிப்பு செலவு எல்லாமே அவங்களே ப்ரொவைட் பண்ணிட்டாங்க. அவர் ரெண்டு வயசுல இருந்து ஃபுல்லாவே எல்லாத்தையும் அவங்க பாத்துக்கிட்டாங்க. இந்த ஸ்டூடென்ட்ஸ்க்கு வந்து அப்பா, அம்மா ரெண்டு பேருமே கிடையாது. ஒரு அண்ணன் இருக்கான். அவனையும் இந்த பவுண்டேஷன் தான் படிக்க வச்சிருக்காங்க. அந்த அண்ணன் வந்து இப்ப வந்து ஒரு கேமரா என்ற ஒரு படிப்பு வந்து படிச்சு பெங்களூர்ல வேலை பாத்துட்டு இருக்காங்க. அவங்களுக்கு மாசம் ₹20,000 அவங்க அந்த அவங்களோட செலவை அவங்களே பாத்துக்குறாங்க. இப்ப இந்த பையனை படிக்க வைக்க முடியுமான்னு கேட்டேன், முடியாதுன்னு சொல்லிட்டாங்க. அவங்க 20,000 தான் வாங்குறாங்க. அ, இப்ப இந்த பையன் பவுண்டேஷன்ல நெக்ஸ்ட் படிக்க வைக்க முடியுமான்னு கேட்டதுக்கு, இல்லை முடியாதுன்னு சொல்லிட்டாங்க. ஏன்னா அவங்ககிட்ட இப்ப ஃபண்டு கிடையாது. அவங்க அண்ணன் படிக்கும்போது ஃபண்டு இருந்துச்சு. அதனால அவங்களுக்கு வந்து அதை கொடுத்தாங்க. இப்ப இந்த பையனுக்கு ஃபண்டு இல்லாதனால, இந்த பையனுக்கு கொடுக்கல. இந்த பையன் நெக்ஸ்ட் என்ன பண்ணனும்னா, இப்ப கவர்மெண்ட் காலேஜஸ்க்கு வந்து கேட்டுட்டு இருக்காங்க. ஸ்டூடென்ட்ஸ்க்கு வந்து இன்ஜினியரிங் படிக்க ரொம்ப இன்ட்ரஸ்டட். இப்ப நம்ம மாற்றம் கிடைக்கலைன்னா, அவன் நெக்ஸ்ட் வந்து ஒரு ஆர்ட்ஸ் அண்ட் சயின்ஸ் காலேஜ்ல ஏதாச்சும் ஒரு சீட் எடுத்துப்பான். இல்லைன்னா அவனோட நெக்ஸ்ட் ஆப்ஷன் வந்து அவங்க பக்கத்திலேயே ஏதாவது ஒரு சின்ன லோக்கல் சப்போர்ட் அந்த மாதிரி கேட்டு இருக்காங்க. ஆனா அந்த பையனுக்கு இன்ஜினியரிங் படிக்கணும்னு ரொம்ப ஆசை. நல்ல மார்க் எடுத்திருந்தான். இது ரிசர்விங்\nEnglish: The student has been staying at the orphanage. He has been studying at the orphanage since he was two years old until 12th grade. The foundation provided everything for him, including food, shelter, and education expenses. They took care of everything for him since he was two years old. This student doesn\'t have a mother or father. He has an elder brother. This foundation also educated him. That elder brother has now studied a course called \"camera\" and is working in Bangalore. They earn 20,000 rupees per month and cover their own expenses. I asked if they could educate this boy, and they said no. They said they only earn 20,000. So, I asked if they could educate this boy next in the foundation, and they said no, they couldn\'t. Because they don\'t have funds now. When his elder brother studied, there were funds. So they provided it to him. Since there are no funds for this boy now, they didn\'t provide it to him. What should this boy do next? Now they are asking government colleges. The student is very interested in studying engineering. If we don\'t get a change now, he will next take a seat in some Arts and Science college. Otherwise, his next option is they have asked for some small local support nearby. But this boy is very keen to study engineering. He had scored good marks. This is reserving','92.0',NULL);
/*!40000 ALTER TABLE `physicalverification` ENABLE KEYS */;
UNLOCK TABLES;

--
-- Table structure for table `scholarshipdetails`
--

DROP TABLE IF EXISTS `scholarshipdetails`;
/*!40101 SET @saved_cs_client     = @@character_set_client */;
/*!50503 SET character_set_client = utf8mb4 */;
CREATE TABLE `scholarshipdetails` (
  `scholarshipId` int NOT NULL AUTO_INCREMENT,
  `studentId` varchar(50) NOT NULL,
  `batch` varchar(20) DEFAULT NULL,
  `college` varchar(200) DEFAULT NULL,
  `branch` varchar(100) DEFAULT NULL,
  `stream` varchar(50) DEFAULT NULL,
  `admissionDate` date DEFAULT NULL,
  `remarks` text,
  `createdAt` datetime DEFAULT CURRENT_TIMESTAMP,
  `updatedAt` datetime DEFAULT CURRENT_TIMESTAMP ON UPDATE CURRENT_TIMESTAMP,
  PRIMARY KEY (`scholarshipId`),
  UNIQUE KEY `unique_student` (`studentId`),
  KEY `idx_stream` (`stream`),
  KEY `idx_batch` (`batch`),
  CONSTRAINT `scholarshipdetails_ibfk_1` FOREIGN KEY (`studentId`) REFERENCES `student` (`studentId`) ON DELETE CASCADE
) ENGINE=InnoDB AUTO_INCREMENT=5 DEFAULT CHARSET=utf8mb4 COLLATE=utf8mb4_0900_ai_ci;
/*!40101 SET character_set_client = @saved_cs_client */;

--
-- Dumping data for table `scholarshipdetails`
--

LOCK TABLES `scholarshipdetails` WRITE;
/*!40000 ALTER TABLE `scholarshipdetails` DISABLE KEYS */;
INSERT INTO `scholarshipdetails` VALUES (1,'2025-006','2026-2027','Velammal Engineering college','Mechanical','Engineering','2023-05-08','','2025-12-21 23:05:16','2025-12-23 07:27:21'),(2,'2025-002','2027-2028','Dr. MGR Janaki','CA','Arts','2025-05-12','','2025-12-22 15:29:49','2025-12-23 07:37:15');
/*!40000 ALTER TABLE `scholarshipdetails` ENABLE KEYS */;
UNLOCK TABLES;

--
-- Table structure for table `student`
--

DROP TABLE IF EXISTS `student`;
/*!40101 SET @saved_cs_client     = @@character_set_client */;
/*!50503 SET character_set_client = utf8mb4 */;
CREATE TABLE `student` (
  `studentId` varchar(50) NOT NULL,
  `name` varchar(100) DEFAULT NULL,
  `district` varchar(100) DEFAULT NULL,
  `school` varchar(150) DEFAULT NULL,
  `why_matram` text,
  `phone` varchar(20) DEFAULT NULL,
  `email` varchar(120) DEFAULT NULL,
  `status` varchar(50) DEFAULT 'TV',
  `selected` varchar(10) DEFAULT NULL,
  `income` varchar(50) DEFAULT NULL,
  `father` varchar(100) DEFAULT NULL,
  `mother` varchar(100) DEFAULT NULL,
  `gender` varchar(10) DEFAULT NULL,
  `address` text,
  `virtual_interview_status` varchar(50) DEFAULT NULL,
  `virtual_interview_date` datetime DEFAULT NULL,
  `virtual_interview_remarks` text,
  `physical_interview_status` varchar(50) DEFAULT NULL,
  `physical_interview_date` datetime DEFAULT NULL,
  `physical_interview_remarks` text,
  PRIMARY KEY (`studentId`)
) ENGINE=InnoDB DEFAULT CHARSET=utf8mb4 COLLATE=utf8mb4_0900_ai_ci;
/*!40101 SET character_set_client = @saved_cs_client */;

--
-- Dumping data for table `student`
--

LOCK TABLES `student` WRITE;
/*!40000 ALTER TABLE `student` DISABLE KEYS */;
INSERT INTO `student` VALUES ('2025-001','Arun Kumar','Chennai','Govt Hr Sec School, Saidapet','I want to study engineering but need financial help from Maatram.','9876543210','arunkumar@example.com','APPROVED','1','1,50,000','Kumar','Lakshmi','MALE',NULL,NULL,NULL,NULL,NULL,NULL,NULL),('2025-002','Priya S','Madurai','Govt Girls Hr Sec School, Anna Nagar','My dream is to become a doctor. Maatram can support my journey.','8765432109','priyas@example.com','APPROVED','1','1,20,000','Sivakumar','Muthulakshmi','FEMALE',NULL,'PASSED','2025-12-23 07:35:14','-','PASSED','2025-12-23 07:35:23','-'),('2025-003','Ravi M','Coimbatore','Corporation Hr Sec School, Gandhipuram','I want to pursue B.Sc but my family cannot afford the fees.','7654321098','ravim@example.com',NULL,'No','90,000','Mani','Saraswathi','MALE',NULL,NULL,NULL,NULL,NULL,NULL,NULL),('2025-004','Divya R','Salem','Govt Hr Sec School, Hasthampatti','I want to join nursing, and Maatram’s support will help me achieve it.','9876012345','divyar@example.com','REJECTED','0','1,00,000','Rajendran','Malliga','FEMALE',NULL,NULL,NULL,NULL,NULL,NULL,NULL),('2025-005','Karthik V','Tirunelveli','Govt Boys Hr Sec School, Palayamkottai','My goal is to study computer science but need financial support.','9500123498','karthikv@example.com',NULL,'0','80,000','Velu','Rani','MALE',NULL,NULL,NULL,NULL,NULL,NULL,NULL),('2025-006','Kumar S','Coimbatore','Government Higher Secondary School, Pollachi','I want to become a mechanical engineer and design machines that help farmers in my village.','9876543210','kumars@example.com','APPROVED','1','80000','Selvam','Lakshmi','MALE',NULL,'PASSED','2025-12-23 07:26:52','-','PASSED','2025-12-23 07:27:05','-');
/*!40000 ALTER TABLE `student` ENABLE KEYS */;
UNLOCK TABLES;

--
-- Table structure for table `studentimages`
--

DROP TABLE IF EXISTS `studentimages`;
/*!40101 SET @saved_cs_client     = @@character_set_client */;
/*!50503 SET character_set_client = utf8mb4 */;
CREATE TABLE `studentimages` (
  `imageId` int NOT NULL AUTO_INCREMENT,
  `studentId` varchar(50) DEFAULT NULL,
  `tempImage` longblob,
  `uploadedAt` datetime DEFAULT NULL,
  PRIMARY KEY (`imageId`)
) ENGINE=InnoDB AUTO_INCREMENT=20 DEFAULT CHARSET=utf8mb4 COLLATE=utf8mb4_0900_ai_ci;
/*!40101 SET character_set_client = @saved_cs_client */;

--
-- Dumping data for table `studentimages`
--

LOCK TABLES `studentimages` WRITE;
/*!40000 ALTER TABLE `studentimages` DISABLE KEYS */;
INSERT INTO `studentimages` VALUES (14,'2025-001',_binary '\\\0JFIF\0\0\0\0\0\0\\0\0	\Z( %\Z!1!\')+...\Z383-7(-.+\n\n\n\r\Z0------+------------------+----+------------------7\0\0!\"\0\\0\0\0\0\0\0\0\0\0\0\0\0\0\0\\0F\0\0\0\0!1AQ\"aq2\BR\\#b\3rScCDs$%\\0\0\0\0\0\0\0\0\0\0\0\0\0\0\\0%\0\0\0\0\0\0\0\0\0Q!1Aa\"2B\\0\0\0?\0\a4\"eK*\8\&ʋ4 (T\Qr-@-K*.T\S\0yRʉ	e@\Q\Ј\+\n+{4\\PEhF[2ʯ}e	\MJ\\U-MX\i\'a@2ʬdM*6T|0T\\eEʚ\ʋ\n(EʖTXB,TB.T`5F1\}\{δē\إ\\r\<@4\Lt\\מRaK㜍\\%\u\Z\0 \0$A0\S>\3I\%2K~\ݸ;8\I\\\\U\idHВ\$gLфХ	B\\#	M2,\b\B,\hE;\0Pj$\'\T\	BC J!*PIxV=\eɡ(E lFS1ʢZ	*YQ4\'b9ʋ	\"b\\\eN\M*l9RʊZ\"eL\	E!@.$W8\\0Nu\\*Xz@&\0\'\\^\\%y\A0D^E[\6P\Z\2 v\vSe/A*K\\!\\6&UW\?g\8k\ɣI6I\!\?ߢK{\\?\%8~\ՄФVMЦ;\n#	M$XQJ\\'aDa(SD5M\%	%c#	eS;\n!BB\n!	BOP8K*\'ʝ,*\\M6\c{\ģ$Jʩ\;rp?\n\!öe\\0?	f<,sxR\r9iU.!;ÌxbrY2\\\\\E%.)\jl\(f$$\1\H	\Һ(Vj\qC*hSНyS\l\4HMR \F\$]\qhi\.LD\BM؎\P 8\0\噼A}V~Lgi\Ԟ\iTk\\\e\ {\\~\\;IS|\ARD:L߷\G4\\5RA>	&\ߗ;\I<\J2]iM(Q$e<2HӨEl:f\Qn\\r=\\a]\\\@.w\n䀇$5͔:\. w\yf;k83\VKFG4\0߾\7Zx8z֗U6췪\\\\G\\=(°Lĝ;GK\h\0jj=@\\\#x~(a;uޙ#\YA\˵y\U\h=\B\~2.l\5\\C9m\\sQOcI?\\[*_P\-\0챣x\\,V\\\ZO\Az \^$\#\U\\=_l\2\ڒ\	v.2c#\Z\\0{{6S\t}\Z^+bx\\0\\\'̶R\z\	\j\5\c&`\\)\z\DLͦm\'Cx||G\\{Q\\'\\ۮGk^\4\\j\\\r)y\GKWe}	j\u5\\\\\~\\ZL\ġcx\rOg-\08a\\06!\;\U\ő$\j\Z̦k$\u\K:!et਒ke$=s_\`&36}\\z\\y+TC	\50\Z\\F߸\\\pݮ\Oh+犭Z\\\>	q\\h\'0ǨZFTg(\\Uk5\\\;\Tj\\"\Opas\r\\0\\-ud\\.\"S|\K֩\!3\@bx\\c\0r7U\@|\\YK5\E;\Y\qR\\{\\\\V?~jO\\\m\$e\\/.\[qے\\E,gC:\`3n\Ip\A}\7T/g\\c\::|qh\eq?x\\*\\<\Ѯӿr\^;?is>G\RJ\\w\@^;{\?q.ic\U:\i\G~ux\KŻ\L\\"5\*s+m0>\\\n^v0c3O\\1kKas\کM\靝\\JYA\9\^i\\\ZAϗΊx:p--H\s\\\\0Sn>(ѵ\\ꎢ\ԃ\ekI\\D\\'+&\\3;\*t=cȻ}\\8\0 |nA\l7Ͳ\}\԰^\6-3M\;h\޴3\Ѷ\Z\c鵹\\"3H\0r%\q]\<\{ٟ\41\ڤ\\\$Wy:uH\\Q~25FLα\+o\Z]\\\Eݝ䳨\G\\EӺf_\nw\\%&	\r{Q\xh@ZA\\ȯ>\\{\I\"u6ܨ\C\l\\cH4\'\{r~q@%\٠\՟(\g\zCX\W\h#qN#.i2cT\j\\|\t\C\Z+\=`#Q\yU`\ \0&.\\X\\v\\#\Տ\=\tbzMFf\A \e蓾\Mna\')0$\\خ\Z X´\05\\/\Z\ZNN\\\[LjR\#Nй\ODiTO\\\_C\4\x7\\r%\\mBX\a\0\Xl{]sxg\W֬\Vf\-5\V\\0\z\\4w\pp^\\\\fBN\Of/\nnJaA\\\OC\\'b\k0e#z]ؖ{\\Z}_Eȴ\\>W\Xp\>_hֱ\nHz\q:\\r\&5mT`\o\\u.nb\;Dٯz><L\g\7Q=\r`NמԼGA_\ܐLhג$0\\$dRW!K\rYk\j$\q\\\\\ֳ\r\Di6\%\\	\\f5e)\&%[\\\G6I\\!\d_y4*#ha\-JU3F\K\r}9$\rO\\.&iL@y;MT<\n\đqk\(20qWi\ꄋ;\\\)=\\\"u5de~2V|ؙ\'{|\0Z\\ɶ\}\'?+d\A uGd\\iRǘR$L4\:\\W6Q\jOs\\\@\\lp>\un\;\\8)`D\Lvo<\\0E\Y(Ӫ4\j\\I14\_\\l\\l\$\\4TA\\fc:P\Z^	@$PLx\]J@0K\o\rGN\"ng5H\HS\ds9K\\^Q\\@\q.\0S\02g\\H\2$\\W\\\Xjk\f_)\Tt\\o\\'42\N\$yxL$\\^#C\0\Q9\\12.UМW\\\\fQwx|n&\4\g\\nm$\Q\\\6;\0\w\}\0\0\Y$\~\\nz\.{5r\\VK\3\~Y_. +;\nXZ\r\\B5y\o\j༳%\#\,\\zn۠\T\\\\\Z\{?#\POk\\\#(\r Ƣ9w-=\?Ϫ^7\z\uG\|x\[\LLܝt\\/z\#-> 26\\0e\aF\\'P\\r\meW,ey\"\%\\8\\eg\r\Ǡ\\u!$\i;\1>`\K\jV\#\BuN\-~Y. 員~@Y\W6ru\Z\s<BAŧ5\" ȴM/v\\\}\ٙ\\\\\n},-NΌyq.29tjNsH?\Yx=]\\l\#ĩס\\0iUp\\\\BJ	\\?bMJmvC)HIu\qTY\D^]\n4>+\\o\\\͐\\oz\hTs銗ꖸD8\<Ϊel\\|K\J\u߅%2\h\L\0?0\\mMï\*|]&\ɜ\	Cu\G\v\){H\0\w!:]NlS\K\\\\\۔\\Gс-sF\\դ^&\ӱ=J7BY\\J\+c\\.\+50{C\\\',\A ݧBPD4TX>~>P\x\n\|@Ɉ#\s]\rc:d\'ccMq\*5qc!\'h\'\#\P\jnP\\0>:E\\̚\0?\\2c\"s\w;p\&\n@\3Ŷ\p=F\9n9\鱐:\0O\cH\\33U}\\T\\0\>6C\y2C\O\"A7\"ѡ\\H\\t~#\}\D\Z(\aĹmF\Zoc fW	\\۱VQپFfO\\rnd\nSM\~\d\n+0\\\0j\q_g\8wRuGf\\0\{\3\e\\\v0\\3?2gtW\Z\{x\WR\>%/L\Z\r\Qm\\˵Sⴚ*m\\\8gKA\\ג\?ˇo\\\=\\Α$\\\)zEzҨo`oϟ\R\'&`t\-#\\\ˉK\I<-,\XL\S3\\yvF1g\0I\y0?4\\u\K\D\.a\\wk3i;ZUUfD\\"R&\"e0\\*60L\\Dê\Z\\Z\\	\'˃&v\\\Ө\u\\\0\9-D\YJ\\0\\U?\.q\ʥ\C\\\4\D~Cps\\H\c1\f{m\S⸰b\j=,\(ר\r\\\\(\\:\\'\\OHj\is0E\L\]\;Pu3դٟU\?\\0uk5ӧ\4\mp\0y\\9L\;*dba\\I3\e\\\F\BPq+dl:\.\i3	t[NkcJ\\\S.77S\8{;0\0\+\I\\3\\2\\::/SA?1\\"\\'YH)hv]{-:H\0m&\026UXy|\I{5-mϒp\\m\nh\@Gp\岮\nvy2\\8ܓ܊x\೚\P4ibIh\ZqTiE\c{\ac\I?\Zڱ\J\t\l\J*\)c\\\co~G,k<Hauh=\\0YL\y~\}5\v,C-M*+Xѣ@\}5RcY{Qax\\n\r\\\C\CJ\F\r\Z\Z\\}+0L\\ˠ(緟\m\Y5 \\71i\\Z\wPPx0\\cೞ鼛k~I{R\1e\(\n-\\7Hw\\}\&\cm6\G}QT\\S\0bo\Z\u\\\\\LWAjԥ\\40ro\\`^\$\v\\0-*!\$\	!\\Ȕ䴸$\E\">%*#\.\UCZ\"-6\\&G\6Z?%\B\\\'\\\9\Z\vw፠\#u\;\s쳟;Hq(!rI7bK59\uJ&m\ꝺ\\r9_\&\0>;9.Ò\\;gO\\\\o;\0	DD|\Q{	vS`x}\n\3i\C\\\>۠L\Z{RhjE;T3\\]6	\v)\yi\0\͇QeI\\9wR&ݻ\\2,o\;k\\>\'uc\\D`X!tT\s%b$X[\\\\\ru\\N\`ExL\V[\\q\\0/m;N,.3E\>{K⋧A\\;7MR;cMP(\>t\r  ~\"\3|\\Z\M\8l @\1\\\nt\6`\\n㭐\\$F\\R\!\س<v\6Nc}\F\\r\7g}\Z\\L\r:k\\1\2\}k@;UQF	9\d^\\\;\n`F&-\tߔwa@Z\\B瘇e3}5\ؑo2[Jc׻c\v<<b\\m=>cb\'\\Q*rI.3\'X>{\i\'y\=Na<\=MA\\\\'\nhfTx;i\\zx*\3ܳq4ȗg!\Q\\ыF${\3%?gk*9\\r|D_\\ZXG3\ڡ5?>\no9>\Ee\\\'m;/\u76\۝=%4\#\R\z\D\HO+\~\[\TL\O昋|\4XoWj4\\ǯ\ވ׸\\o\t\_$FVm\'](ʤ\ĺ\\V\Hxsn5\m\"譤]\\te\y\W\\N͂;\\"[+	͇y\_\Ir$x\a\eS\$\r\\\\r	H\"#^iW\\\\Z9\M\\Kr	푖9\\TЁ\	#\'t(\M\r\v\"P`\"\\7V\\\{^\[]\F\2w\\9\40aĞo\mk6L\\Z\KI\dom\۹3;,Y\e\5m$i`\r;-o|\A\\U\H^v\۟\&\\Zg_r\6u<\bT\NX\&ZQ|\'N\He\\my\4ɞq\Z=\\0=^C$A\ZN\#1?\bI2{=Egana\⡇AI=\\=TM\;@WXY\y\\q\1]\"\A\j`D\`F\s\\UgbX\\@\ٽ\ŲZA\B$\c\M\ޅ_\{\֐d\L\\mm<\\\B\Muy~\\dX?\\'ڂ!?z\0\\\0\\C@	%c\\@_u\ze\0%\\~Og,\`uo\*?>ߨ\<\դV\'o}\Z6G)\0`\\0]BH\:\_\_\c\,կeu)#\3\PeK\_\3uԤ#\[9\,*\etɈF\g-\V\\!\g2l	i\)\B\S\\\1\>EMq͗(pl+\\0$I\rI?\uFOc֬@\2\Dar\Ќ\'*=\=\o|\"\\I^V\㔇f͕\$\A$)j\\Z\s}\<\\\[#\3\gD\\\LHt\\}\04V0\y{j\0Kr4]?U\5N\0\̝V\PH똜\\e\GAND\h\'^g	}2\f\\\c+D;1j\-l\	l\\`\ZXV\)X\Z\,$\Z\KA \ѵ\#\[2[\\vcHY:;ò\\2\\-\\Nuw\r\\3<Ww]1ͦɳ\9`/&\|CQ2ݮkr\Z\Z3\\\0c1K:岃5à\\\\\5\O \wGksfx;\3Aq~д\\Z\=\Z`:7I%\#9\p5.aqI{\\Kf@\&:\\O`B\u\0\>\\0[\\;=L)#\Z\\=\\\\(>9g+}$\\?x\yP=\r\+IP\vOg8z\j]	\4\\t#\Z\\\j\\i\C̍xBg+xr\\O\Z\l\i\Yɾ\>\\0]\ZH놃[9\\'\'2\G\\t\\','2025-12-20 00:30:53'),(16,'2025-005',_binary '\\\0JFIF\0\0\0\0\0\0\\0\0		\n\n	\r\r\r \"\" $(4,$&1\'-=-157:::#+?D?8C49:7\n\n\n\r\r\Z\Z7%%77777777777777777777777777777777777777777777777777\0\0\0\\"\0\\0\0\0\0\0\0\0\0\0\0\0\0\0\0\\0<\0\0\0\0!1A\"Qaq2#\\Bb3R\5S\\0\0\0\0\0\0\0\0\0\0\0\0\0\0\0\\0(\0\0\0\0\0\0\0\0!1\"A2QaqR\\0\0\0?\0\0\oYO\6\E:6kcp8\Dwe>\\\\\M\\\b1\\pEh4b\K{.-āI\pz\ZT\Z\y;\ \\/ApwK\C\\P\޴g}kZ\ͼ\\+\q\z@\k,\j\38#\vz\I#\yjX:V۴\X\0\/2\8H\\E\u=\\'[x\6\}i\"y\\d\\n\\/\݁P7Gni91J0\OFۂ3\W\ã\\"#2FY[_<\(\p\=\\wZ\'iY㽜hP)A$\}\ǽ;\\\!>^.j\\Rh\8}\QJqUjԚC\a\"b(Pp18ގ\\\{+$b%0	\\|(e|Ь;`@\nkb{Щ{c\e!10q`?4\\;Wr/>\\\Zp!PI*񌃟\G\渇b9x\ȴ\vH-\:eOb\S`$\`p}\f%\0L<M	b|cЂv8\}N\̭.ez0\G\0ѯ*\\\@Lmrj\]2U3%Z\h隅ͼ\\d\*X0\bsC\\\e,EN\\\"R\;V\\\I{\r\?\ݚ\N{ի.E.\9Ia3tF \8\\\\:\Z˗\qӌ\*I뚮C\ܒ1VVG\8Z\n\rՖ\\\j6u\xWm\j\\X^)l\\Nug(3\#\^\vyݏڕ1z>lQ־U\0}\Ү\\N\`\j\SA\0Ҡ_\PO7\Y\"\\\\8 \^{q8\\8\BZ\J\Y8\$s[e^\\hW\\\ۨf\\\\\\"\Ok{\W$\\bk\̷\\\q+IZ\i\Z=R\\#]\@\I%Z\\Zƭ\xhMG$\r>r\\N^j\n\\\\ծ\8⾒\/û+\ޫ\.d\ͣD\kH͜\\@\\Z։\q\nlIg5,<\i\Qܛ,n\ۇc\0$G\\\vz֑F\g8,O\0\olu\?NKNʓ*\~՟\|M\\\L=\QyB	 \wn\0z(\'\zfC@ծ2\v\\ZLw|nN\0~ƙAy0\mn$<9Ht\\\\\?\]Mgi؍\wV	\V~\\\0s9\;b\\ށ\7錅\\{R#g\\\q\0o\0lU\wB\euCr;w\ݭ\\\%3:\\(\0rxTl\៩B&\Q\"i-Ͳۂ\\!@\\zgMe()YJz\ewA!\o~樒\7\ts\\~rOڎ3\.\\\\Zj\\\̕@\8\\Y\]X&(f`\]+9O\b0	\n\?jH-dԭԜ_\^\&`s\R\',LE\\2\5\\QIH\sbd\Z\A\\\_\0p\g\V\)#2n?L\n\\\݅l\h\\\V\j\\\hjI\:xUE\\ܩ?uo\^ާ\Ι&p\\6\\ai㤴l\\(S\x\%\\(\\mIQQ]\0~\T\ӗ\|e\Gm}\tdNv\0\"\\K]:+)R5\J\\\FA\x\l\\\@w\1$\[\>\\ˋԞ\	eB\WϦ,\\cԫ\0\|0J$n\\Z\(\\<\l\NHϰ\Pw\0HT\#\\Z:\\nXغ1kp\^ee|p\\\n]Mpʰ=\\4\|=k%\f;E.n\\\'\\Z\\2J/\лS\\\9\6|ٜ\Fm8,\0Q\\5mDy\z@\c\Z\BǎsdS:K8\z9뚥4KwHт3\$9*\HTN3A&Q\0)\'\V\.7X{\I]|\nT4\c_S?\e\cK\\\pM`l5\X7+BES |dmy.\\JmR}\@K/s, |®}\K`yDr[#\ުk8${,~;[\][\VA\4\z\Z2X\Z\8L:&\;<x\0sc\\\4Ko\bb %Ćn\\z\\ȳ$n\@Qu\Ñi`x4\L\\Tއ\C	\'<a\\O\ڬ(ڌ^\\\\Ď\\Sޖ\\\<\{sЎI_f\(I\ѷ(\|ooH\0#\[4\\W.y%GZ:[\\8c;\\Z0g8<\8,\\{x\HQث:\<\c\\\-\C=@\0\\򣴆9\ZM \=\:\n%p\pw\ϵ/\E2\gv\\\8\'\l˚^V5\Z\5!|\P#YF\K\1!7(\"G.O\I\^k5o|\\׎KFSI\c=3\\]O\\Y\\\3\?#\n3\7cȼ)\F&\GV?J\rb\A\0\H:8U\?_B,\H\Xbʂ\\p*\0\Ua\0\\\\q\\\\R\\lx,mc<\yl<\\x\090\0g\\\M\\\\8\m\U\h6\\\\\C\붶iX\=Nk	.0װ\\\!i\0\r\B2~\\Qaz4!7ֲJ\~+\\Znڌ6f\F\ȤB:jM\-ᓨ\\|Cc\Fy/$|?*\\R\.Ύ1\?\\'^\\\2.d\vg<G8ўӭ7)b\0F9\-B:\c>\Z֔\\0\`\\8oX`GPH\Ҳ\7s\r(XfKT]\$\ޮ%s\\އ\ɑe\Í\\ۉ\-ȅYW#\(&*Tl8 \\\\0ړ3I~\ۤc0YA8\=Eht(gKk\=|\oⰓW״\	\_\t>CR9\J\\#V*\\D,\1O\\{\\nHљ\\\"Hrs\w\\\Z\h\\\\kD|\=X\\\.\tY\n\\Z\I\\{\4;|\\'\Oqڴ\\"9\0\5YIc}-ԝ\01T\ \:WR\\y@\\0(\2\)#j\\6΅V\'x\qWŪj\y7N1\\n\\\ʂ@$sH\)e&4;pz\d\iƲ|[o\)\0\-ĨO\G\\\҅\K=\wbD7g\0JYW\\ MlB{\\L^t\{~X\\R\\W \\\0\m,\\'O^\\و\Bp=\X4]H]N]\Ix\Ͼ\\\a{(\,㳵6De\nOR,A\Xђ\,,|\w\\?\@3R.\mo5_*r2ȠJI\"ZaL\\J\;+Kd|(C0=\5\U>\v\F\8-\0.\+	\\z\\@߾QG΢)	\n:z\Z>\_\\	W\\iHl\0\`\k\5}?P[;TCr奙AW\d˛\.`:+\m\s+Mx\\X\K\Ol\0zϖ2\\rF\AXX-X\+o~s\|\DOX-Sc\\\en^n\M11\\\0`\S\\\ӏ{j,.\c#\\\<c\ק\qUV>v>{Ť\	6{sU\\\2z\5\O\\\\4^ T\6\Z[0JaqҐ]\ӷm\=\sv\\\\Qf)/f\\\\Y\\ޤv\s\\'+;3\<T\i\7\G<(d\\nWrqھi$z\L\4l\ l\\pߚ\貽\f%v#y\&Ns\\r?\\U\!\\(\a`J@\ӥZ\&-\\\q\!n#\+Ox|\ϗtUv g=<gږ\\\0¶y$VK<71+\\\'i\.H:f\\ve\\y\'5\zv\QM,fDV\89\\]\\\$\Wẗ\=\\\\!ɂ\n1<`\0*qэ`\?pD!J1eQڃe*\ǩ\9c\\\r6\\\h-\Z媐p@\5\\\$\0y!\\\}.\\!t\Qz\qE\X_\W\\[\'R\Dحɐ\;=\\oXlA\"s#9<WIђ\8qDX\0d6\\\\U&X\R\i\;\\"݃Ӯ\R\{.9U\(gz,ВUa4TzW2\\\a\qȲ\0w1>\\\]Y\,2:Ld\\-K]B\&#\Vu}OB\rk\0G\S\\,j\R\H\8u\\n\Ēz\\*\ָq\Z\\&<\\?z=j+ov&Knr6\~q\/PCF[_\\:S\\n\r\'\\I$\\nϳZ\Q\\"@\\\'I?,\\\gY|Q\2y\d\20=\%xne+\\\6\\\z\\!r\6!LQ\\?_b>]\0c7`\Z\|\@V\\\ݸ\b\N\\lH\A\ b:\\\\\dL0\7qנ9tr2$+H@q),z\矝\'n٣׌dVb%յKlg\Bޔ=9\~\}S\ZA\iWbO\sbҟKH\ g\\Hc#d\{lt?lU\;Iy\\\\#\0,go)\\qbf~\&Ic#)\E,\\F\_\\\\0>V@\o\\g\\_P\X\Zn\H{`wl*\1i\$\\'h\c&\=sE\'PD\[rN6qK\\0\;\\\,\s;J\\R+\\\Uc\ff\#\\R\\\vFB_\:>4	$D\\\\\H\R\$F\\\0\)!^\Z\\"Ob\rS,\[\[@=\0Hu\\+?\9>\*\Q˔aq\\\\'\[I\\\\0u\Z\d1\<\1\ 1\2q\jhsp\H\.@4\\OWf?:E.ʵY\P\mZ]\\r?\Kh\IjHځ:T[)[\'6ٴ\x#\zuN?:;(\rLdQF ~J\m\\*\0?#O\inL\-0Wp,\ұnQj=\U:(\L$AXk\)wm\\9 vWN\-ŴѬ|\A|\R\ƞlaI rx\:W\Gp7?cY	EvTs7WI\e\ZV\q\?>\\>\f#\q\WqX=2m6\̛\\Evw|\m\ނM`\x\$>]\0apS\\\\\C+\EJ\_\\xϚ\Ts\\I\͈J=\Ԛ[\C6K ;N?\Vqc\\S\0\9kV(\3vb63l\V%\nE&\\rt\0Y_i\\\+$\\y\\,⚤\\J\q\zx?\\CO\W\!_+>\Os\\*=\JlnmලI\2<\mc{\\\Pu*T ݞxdP\S,\h$-x\Q\\zTa}ZiR_(-\:\l-\oh6Wj3uat\\\+8Uc]@\0v ٥m\\V)攞\\\'\#\0<U2s\tX?:\\E\?\\\\'y\NՊ̻\\\*\ޙ \\渕j\xPi\\a\s\:H\i\TQP8i0$\x\7Vr>\&:cڅAC\nBQ4\\\\\\r\\\v\E@k)*\z\\𡗖\p\*ccp\\\\'`\a\0)2\q\	^3e<b@\ICG\$\?Z\/>\#\n~D+9\6\\\\\REGՍl\\Yh\\^z\5dN\0\\YS\\O\"=\y4F2{y`lL\Zp\zfV\\ʌƔ^iqh\\ڙ\4#!\{T\6e\\\[\\8I\\\M(+\$Un\i_lp\rRH\*\5+\\rYQ\_H$\\\^*\$LÔ	\'\+;\Zv\1mkA\\1瞙^0~?=Ǜ4V#A\^lRB\\0r	\\$\a\FO莊Z#~\k`~\\\Gʂ\\\\\[\\'\>\\<1\\-\V\\\H]y?$\_84\d}x\\@\0G=YF\\YWQѼ\=\D\.\Ԣ\\y[6\r\7\\\\p\\	\dQz1+5\T>\\\욽`=\\j\\'\\Y\n=(5\r\\;nr?TX\+<nȐc\^\@\ӡ\(\cXg!Az:\\&\4\\$g*U8\|M_O\>%U\HE\\F\=JE6w:A\vA\\qrL\Y\Z͚sY&;R`qI\Z$V{0\Z{=͔sM\\"\\|\\\\۵\Z@bI\cVXgޭ\fIs\Ol#K\\˗=Goo\-m5\\\0\v$#\'4E\n7[wzE1ӡjT!|rY%sL^;vяR<\	RBJJ*T!*TPRBJJ*T!*TPRB\J \|\޽P5*TC\','2025-12-20 12:23:39'),(17,'2025-005',_binary '\\\0JFIF\0\0\0\0\0\0\\0\0	\Z( %\Z!1!\')+...\Z383-7(-.+\n\n\n\r\Z0------+------------------+----+------------------7\0\0!\"\0\\0\0\0\0\0\0\0\0\0\0\0\0\0\0\\0F\0\0\0\0!1AQ\"aq2\BR\\#b\3rScCDs$%\\0\0\0\0\0\0\0\0\0\0\0\0\0\0\\0%\0\0\0\0\0\0\0\0\0Q!1Aa\"2B\\0\0\0?\0\a4\"eK*\8\&ʋ4 (T\Qr-@-K*.T\S\0yRʉ	e@\Q\Ј\+\n+{4\\PEhF[2ʯ}e	\MJ\\U-MX\i\'a@2ʬdM*6T|0T\\eEʚ\ʋ\n(EʖTXB,TB.T`5F1\}\{δē\إ\\r\<@4\Lt\\מRaK㜍\\%\u\Z\0 \0$A0\S>\3I\%2K~\ݸ;8\I\\\\U\idHВ\$gLфХ	B\\#	M2,\b\B,\hE;\0Pj$\'\T\	BC J!*PIxV=\eɡ(E lFS1ʢZ	*YQ4\'b9ʋ	\"b\\\eN\M*l9RʊZ\"eL\	E!@.$W8\\0Nu\\*Xz@&\0\'\\^\\%y\A0D^E[\6P\Z\2 v\vSe/A*K\\!\\6&UW\?g\8k\ɣI6I\!\?ߢK{\\?\%8~\ՄФVMЦ;\n#	M$XQJ\\'aDa(SD5M\%	%c#	eS;\n!BB\n!	BOP8K*\'ʝ,*\\M6\c{\ģ$Jʩ\;rp?\n\!öe\\0?	f<,sxR\r9iU.!;ÌxbrY2\\\\\E%.)\jl\(f$$\1\H	\Һ(Vj\qC*hSНyS\l\4HMR \F\$]\qhi\.LD\BM؎\P 8\0\噼A}V~Lgi\Ԟ\iTk\\\e\ {\\~\\;IS|\ARD:L߷\G4\\5RA>	&\ߗ;\I<\J2]iM(Q$e<2HӨEl:f\Qn\\r=\\a]\\\@.w\n䀇$5͔:\. w\yf;k83\VKFG4\0߾\7Zx8z֗U6췪\\\\G\\=(°Lĝ;GK\h\0jj=@\\\#x~(a;uޙ#\YA\˵y\U\h=\B\~2.l\5\\C9m\\sQOcI?\\[*_P\-\0챣x\\,V\\\ZO\Az \^$\#\U\\=_l\2\ڒ\	v.2c#\Z\\0{{6S\t}\Z^+bx\\0\\\'̶R\z\	\j\5\c&`\\)\z\DLͦm\'Cx||G\\{Q\\'\\ۮGk^\4\\j\\\r)y\GKWe}	j\u5\\\\\~\\ZL\ġcx\rOg-\08a\\06!\;\U\ő$\j\Z̦k$\u\K:!et਒ke$=s_\`&36}\\z\\y+TC	\50\Z\\F߸\\\pݮ\Oh+犭Z\\\>	q\\h\'0ǨZFTg(\\Uk5\\\;\Tj\\"\Opas\r\\0\\-ud\\.\"S|\K֩\!3\@bx\\c\0r7U\@|\\YK5\E;\Y\qR\\{\\\\V?~jO\\\m\$e\\/.\[qے\\E,gC:\`3n\Ip\A}\7T/g\\c\::|qh\eq?x\\*\\<\Ѯӿr\^;?is>G\RJ\\w\@^;{\?q.ic\U:\i\G~ux\KŻ\L\\"5\*s+m0>\\\n^v0c3O\\1kKas\کM\靝\\JYA\9\^i\\\ZAϗΊx:p--H\s\\\\0Sn>(ѵ\\ꎢ\ԃ\ekI\\D\\'+&\\3;\*t=cȻ}\\8\0 |nA\l7Ͳ\}\԰^\6-3M\;h\޴3\Ѷ\Z\c鵹\\"3H\0r%\q]\<\{ٟ\41\ڤ\\\$Wy:uH\\Q~25FLα\+o\Z]\\\Eݝ䳨\G\\EӺf_\nw\\%&	\r{Q\xh@ZA\\ȯ>\\{\I\"u6ܨ\C\l\\cH4\'\{r~q@%\٠\՟(\g\zCX\W\h#qN#.i2cT\j\\|\t\C\Z+\=`#Q\yU`\ \0&.\\X\\v\\#\Տ\=\tbzMFf\A \e蓾\Mna\')0$\\خ\Z X´\05\\/\Z\ZNN\\\[LjR\#Nй\ODiTO\\\_C\4\x7\\r%\\mBX\a\0\Xl{]sxg\W֬\Vf\-5\V\\0\z\\4w\pp^\\\\fBN\Of/\nnJaA\\\OC\\'b\k0e#z]ؖ{\\Z}_Eȴ\\>W\Xp\>_hֱ\nHz\q:\\r\&5mT`\o\\u.nb\;Dٯz><L\g\7Q=\r`NמԼGA_\ܐLhג$0\\$dRW!K\rYk\j$\q\\\\\ֳ\r\Di6\%\\	\\f5e)\&%[\\\G6I\\!\d_y4*#ha\-JU3F\K\r}9$\rO\\.&iL@y;MT<\n\đqk\(20qWi\ꄋ;\\\)=\\\"u5de~2V|ؙ\'{|\0Z\\ɶ\}\'?+d\A uGd\\iRǘR$L4\:\\W6Q\jOs\\\@\\lp>\un\;\\8)`D\Lvo<\\0E\Y(Ӫ4\j\\I14\_\\l\\l\$\\4TA\\fc:P\Z^	@$PLx\]J@0K\o\rGN\"ng5H\HS\ds9K\\^Q\\@\q.\0S\02g\\H\2$\\W\\\Xjk\f_)\Tt\\o\\'42\N\$yxL$\\^#C\0\Q9\\12.UМW\\\\fQwx|n&\4\g\\nm$\Q\\\6;\0\w\}\0\0\Y$\~\\nz\.{5r\\VK\3\~Y_. +;\nXZ\r\\B5y\o\j༳%\#\,\\zn۠\T\\\\\Z\{?#\POk\\\#(\r Ƣ9w-=\?Ϫ^7\z\uG\|x\[\LLܝt\\/z\#-> 26\\0e\aF\\'P\\r\meW,ey\"\%\\8\\eg\r\Ǡ\\u!$\i;\1>`\K\jV\#\BuN\-~Y. 員~@Y\W6ru\Z\s<BAŧ5\" ȴM/v\\\}\ٙ\\\\\n},-NΌyq.29tjNsH?\Yx=]\\l\#ĩס\\0iUp\\\\BJ	\\?bMJmvC)HIu\qTY\D^]\n4>+\\o\\\͐\\oz\hTs銗ꖸD8\<Ϊel\\|K\J\u߅%2\h\L\0?0\\mMï\*|]&\ɜ\	Cu\G\v\){H\0\w!:]NlS\K\\\\\۔\\Gс-sF\\դ^&\ӱ=J7BY\\J\+c\\.\+50{C\\\',\A ݧBPD4TX>~>P\x\n\|@Ɉ#\s]\rc:d\'ccMq\*5qc!\'h\'\#\P\jnP\\0>:E\\̚\0?\\2c\"s\w;p\&\n@\3Ŷ\p=F\9n9\鱐:\0O\cH\\33U}\\T\\0\>6C\y2C\O\"A7\"ѡ\\H\\t~#\}\D\Z(\aĹmF\Zoc fW	\\۱VQپFfO\\rnd\nSM\~\d\n+0\\\0j\q_g\8wRuGf\\0\{\3\e\\\v0\\3?2gtW\Z\{x\WR\>%/L\Z\r\Qm\\˵Sⴚ*m\\\8gKA\\ג\?ˇo\\\=\\Α$\\\)zEzҨo`oϟ\R\'&`t\-#\\\ˉK\I<-,\XL\S3\\yvF1g\0I\y0?4\\u\K\D\.a\\wk3i;ZUUfD\\"R&\"e0\\*60L\\Dê\Z\\Z\\	\'˃&v\\\Ө\u\\\0\9-D\YJ\\0\\U?\.q\ʥ\C\\\4\D~Cps\\H\c1\f{m\S⸰b\j=,\(ר\r\\\\(\\:\\'\\OHj\is0E\L\]\;Pu3դٟU\?\\0uk5ӧ\4\mp\0y\\9L\;*dba\\I3\e\\\F\BPq+dl:\.\i3	t[NkcJ\\\S.77S\8{;0\0\+\I\\3\\2\\::/SA?1\\"\\'YH)hv]{-:H\0m&\026UXy|\I{5-mϒp\\m\nh\@Gp\岮\nvy2\\8ܓ܊x\೚\P4ibIh\ZqTiE\c{\ac\I?\Zڱ\J\t\l\J*\)c\\\co~G,k<Hauh=\\0YL\y~\}5\v,C-M*+Xѣ@\}5RcY{Qax\\n\r\\\C\CJ\F\r\Z\Z\\}+0L\\ˠ(緟\m\Y5 \\71i\\Z\wPPx0\\cೞ鼛k~I{R\1e\(\n-\\7Hw\\}\&\cm6\G}QT\\S\0bo\Z\u\\\\\LWAjԥ\\40ro\\`^\$\v\\0-*!\$\	!\\Ȕ䴸$\E\">%*#\.\UCZ\"-6\\&G\6Z?%\B\\\'\\\9\Z\vw፠\#u\;\s쳟;Hq(!rI7bK59\uJ&m\ꝺ\\r9_\&\0>;9.Ò\\;gO\\\\o;\0	DD|\Q{	vS`x}\n\3i\C\\\>۠L\Z{RhjE;T3\\]6	\v)\yi\0\͇QeI\\9wR&ݻ\\2,o\;k\\>\'uc\\D`X!tT\s%b$X[\\\\\ru\\N\`ExL\V[\\q\\0/m;N,.3E\>{K⋧A\\;7MR;cMP(\>t\r  ~\"\3|\\Z\M\8l @\1\\\nt\6`\\n㭐\\$F\\R\!\س<v\6Nc}\F\\r\7g}\Z\\L\r:k\\1\2\}k@;UQF	9\d^\\\;\n`F&-\tߔwa@Z\\B瘇e3}5\ؑo2[Jc׻c\v<<b\\m=>cb\'\\Q*rI.3\'X>{\i\'y\=Na<\=MA\\\\'\nhfTx;i\\zx*\3ܳq4ȗg!\Q\\ыF${\3%?gk*9\\r|D_\\ZXG3\ڡ5?>\no9>\Ee\\\'m;/\u76\۝=%4\#\R\z\D\HO+\~\[\TL\O昋|\4XoWj4\\ǯ\ވ׸\\o\t\_$FVm\'](ʤ\ĺ\\V\Hxsn5\m\"譤]\\te\y\W\\N͂;\\"[+	͇y\_\Ir$x\a\eS\$\r\\\\r	H\"#^iW\\\\Z9\M\\Kr	푖9\\TЁ\	#\'t(\M\r\v\"P`\"\\7V\\\{^\[]\F\2w\\9\40aĞo\mk6L\\Z\KI\dom\۹3;,Y\e\5m$i`\r;-o|\A\\U\H^v\۟\&\\Zg_r\6u<\bT\NX\&ZQ|\'N\He\\my\4ɞq\Z=\\0=^C$A\ZN\#1?\bI2{=Egana\⡇AI=\\=TM\;@WXY\y\\q\1]\"\A\j`D\`F\s\\UgbX\\@\ٽ\ŲZA\B$\c\M\ޅ_\{\֐d\L\\mm<\\\B\Muy~\\dX?\\'ڂ!?z\0\\\0\\C@	%c\\@_u\ze\0%\\~Og,\`uo\*?>ߨ\<\դV\'o}\Z6G)\0`\\0]BH\:\_\_\c\,կeu)#\3\PeK\_\3uԤ#\[9\,*\etɈF\g-\V\\!\g2l	i\)\B\S\\\1\>EMq͗(pl+\\0$I\rI?\uFOc֬@\2\Dar\Ќ\'*=\=\o|\"\\I^V\㔇f͕\$\A$)j\\Z\s}\<\\\[#\3\gD\\\LHt\\}\04V0\y{j\0Kr4]?U\5N\0\̝V\PH똜\\e\GAND\h\'^g	}2\f\\\c+D;1j\-l\	l\\`\ZXV\)X\Z\,$\Z\KA \ѵ\#\[2[\\vcHY:;ò\\2\\-\\Nuw\r\\3<Ww]1ͦɳ\9`/&\|CQ2ݮkr\Z\Z3\\\0c1K:岃5à\\\\\5\O \wGksfx;\3Aq~д\\Z\=\Z`:7I%\#9\p5.aqI{\\Kf@\&:\\O`B\u\0\>\\0[\\;=L)#\Z\\=\\\\(>9g+}$\\?x\yP=\r\+IP\vOg8z\j]	\4\\t#\Z\\\j\\i\C̍xBg+xr\\O\Z\l\i\Yɾ\>\\0]\ZH놃[9\\'\'2\G\\t\\','2025-12-20 13:40:29'),(18,'2025-005',_binary '\\\0JFIF\0\0\0\0\0\0\\ICC_PROFILE\0\0\0\\0\0\0\00\0\0mntrRGB XYZ \\0\0\0\0\0\0\0\0acsp\0\0\0\0\0\0\0\0\0\0\0\0\0\0\0\0\0\0\0\0\0\0\0\0\0\0\0\0\0\\\0\0\0\0\0\-\0\0\0\0\0\0\0\0\0\0\0\0\0\0\0\0\0\0\0\0\0\0\0\0\0\0\0\0\0\0\0\0\0\0\0\0\0\0\0\0\0\0\0\0\0\0\0\0\0\0\0	desc\0\0\0\\0\0\0$rXYZ\0\0\0\0\0gXYZ\0\0(\0\0\0bXYZ\0\0<\0\0\0wtpt\0\0P\0\0\0rTRC\0\0d\0\0\0(gTRC\0\0d\0\0\0(bTRC\0\0d\0\0\0(cprt\0\0\0\0\0<mluc\0\0\0\0\0\0\0\0\0\0enUS\0\0\0\0\0\0\0s\0R\0G\0BXYZ \0\0\0\0\0\0o\0\08\\0\0XYZ \0\0\0\0\0\0b\0\0\0\0\XYZ \0\0\0\0\0\0$\0\0\0\0\XYZ \0\0\0\0\0\0\\\0\0\0\0\0\-para\0\0\0\0\0\0\0\0ff\0\0\\0\0\rY\0\0\\0\0\n[\0\0\0\0\0\0\0\0mluc\0\0\0\0\0\0\0\0\0\0enUS\0\0\0 \0\0\0\0G\0o\0o\0g\0l\0e\0 \0I\0n\0c\0.\0 \02\00\01\06\\0C\0	\n\n			\n\n		\r\r\n\\0C	\0N\\"\0\\0\0\0\0\0\0\0\0\0\0\0\0\0	\\0V\0		\0\"2BRb#r3$C\\!14S\%ADQcs\5a\	TU&dq67E\\\\\0\0\0\0\0\0\0\0\0\0\0\0\\0A\0	\0\0\0\0\"2BR#1!br\3ACqSa\\\\Q\$\\0\0\0?\0\[x|\HF?3\\\'&\,\@AVf;\Vz\\\24\\\r\04\\\00x\̲\g\[7hN\>*\E\G\\oC\$UD A\K\\S\dM%0#gNBt,F\\nXeW!\Z꜋\s7\"@+%\@[\r\q\0)#e[Z@\\YE,ٶu\\g׺,\*M\~*:X\vR\\Efn\_B^\"v\9l*\\\y\vEޥ\\QH\.(\\'Z\C\.\0:r\uU\\\v8=G\+v\wV\y%\\\\?\\\T~=Bw$\1\&fa\K&ݙd^m*\2}DY6\t\\r\#RWw͎?\R\\q\0#\dE\ͺd, \\>\^,T|h%Cɤ\\U#\x<MO~On\EMa\z\\cXĎ\\\]\:V\"\Sn\'\*n\\\\\\\\Zk\.\dY\\ʤ\\9dXm:yoY\\p\\vyG\C-\6\"\\'\$\\E7\w|]\xb\rxC\"\&jIo\SƚVy򺥙$\Mbn\j\\MH@0\\ꢨۆR\Ƕ\>zqg\eDۀ)8rm\%\\\\Q#P\\$n J\\\0\F\,=\\\\䞰m[2ɸR\6HL\\r\"I_8\\\?hx\"*\w\n-y[mYg\n\_t\ZCzJHv\\Ғx\\rz^$\nw\\<\+7ڗ!\GV\\ʧ G\H%!,\0dUi\\ķ\\J\Bo\\ {ˤˈԸ\n%S($8v\0z~\\*\[\\\y\Ʋ\H\.a(\\\LkLRGv\̞Rc6\ZH\\\s1\\-Tp\Gc7$>\n*A_\\ao\L\cF`\\E!%z\ f\m<\t31\W\"\f72-\(\8,j\+`50\UY\\\SL\\\8\\jV\9p+G/ީۣG3\,73PtT\2\]m\\1Ġ+\c\\n#J̸y\8\.#zxp\]}i!quQ\S{\\_3\\\N\k\\\\\\\+|Oc¸\-\^\\Ïq\W$@U\\\L$\\DRA\\\\>\!U=f\E\\-\IIGg\r&\\\\<v⬿	\[;p)\Jµz\\o\r\\0[<\m9u\*㤘ĚZ钸\ϰ\\e\(\0\h$f\\5q\*K&+WN\y8ygg9aPk#	q\\\4on5\\ǅu\E\Zǎ6T^WL\k.ud5\QW\%\\\\Q\59fj\\\MǨdmnl\ڶS8\LWH\ZId\\򏪰\\эXF<Tp\.\<Tv:\\Jdyڰ5\\>^\cXl\"<\~\3Ń\9\\\5\mI]L8~\rC=\\\Iv\rE\׃\\\k\\&-\PMڇF\<\H\\_t凥ɻId:Xp*p\\<\\/\=]\n\J$J@\9E՚OI/\Y6\\r\'\\W~\\p\*̵KMTq\q\0z\\\vk \\I0s8\z\n\t}C\0%\Zu\G+R	t\\9*;7\U\\\M6+09\:J\h|?q_,\\CiqY\FN\\ZYՏ&\\\\\&R\'5#Y\F>n\",f@D\]c\\JN:ؤ\"\5\r̕\"!qda3U#a+\TE-v社M\W*\v\dIu\~O.{\\Sڭ\kqnicՕ(:*RV<\r\o6\FC\0\5a\~ƸPYT5H,	/\Ua\̼~\\"2m90l[\)֫A.16Ef\$=A\h\cn\W\%\n\\Ŝ;Ǣz\\Z5ē\\c\5\,zR\_\\"\\\)(,w&\Ćk\\7g.V)\I\s\$T=\\{\2m +\\5MsLE\\KGIe\\\\v\?~|JhVE=DEXd\"\$otG\\\ޟG\$\\\\\0o\\=x+}x\	H{\n/i\\/wȶQ\\rxh\L\uֈS:|\2\\{Q\f\U3\y$_E\$[\Ȫ\\g:e\bN\x\vC\Ǽ=A*\Z\@0Mi{T\ɠ\\XÑ7K!j\r+ݱ\\\\0i\w06k\\0\TK{\_$[\$Id;LK\ZH\'^ݡbԄ\xmTJ\\~%\t~f\`\\f8i\*Jl\\\"Y-SŪo`\V\0V\jbY\"\"f\\Հ\0yԓvL\af\%KjAqʥ|cߓUwT\\"+(\ D,:\*tHY7\\$\\SP\\c{5\fQ\0\r\R\\ţ\\0\"OC\LK\=\\\=\\\\ǆ^ڇ0Kb1+\\0o%8\\\\\TI̊B~z皖,\)g*J47y\\\*\bQiyuz\Z4Vњb\\2Xk78\\ᚩ<\\%]$\ڲ\	lE\"Cy\UG˛\\d))]Qٮ֨\O6\\n\8Ԙ\8؂\\\\x۸<d|-ym2\T\0U.T=\'W5m9MXeV\\b\JF$-=\"%C\@\\\Z 6!\T~l?qu\Y}F[+3L`\0\vQS\bFYy飆<4ns*!\)@\\q\ZH\\I\p\QC7\r\db\'\i\vlC)|\\"د\O\\tuP|\lrZ(jQ\\=T\fWM0U<2/\\\\ZZ.Е5\A\n}8\jK\Yg\CΊo2?_\'dD%\AH{U$o,\>\\\0NQȑ`\>$}4q\Bx\n46\o-<\.GQ\\2!L\v4;}\c\\׊\~\\0\\\NJP\*|ԏ\\8N9Sv술|[9D\\0R\ሑC\E\E,y\W&sR|x}$\\_pOdţy\'GuE\\ \c\H<5\iKFx+\ibK\N]\\!\mH_8]\䲹chǏ\}\I\cRA;K\\5gU\\\U\\)jBL ٬0]jjt\\\R\"Bp?>\\p u^W($(DE\@.k\l\6S\W@B.6\\z>j9U \\4\!.\P7KW.j:&ɤ\UQ@\oH\Q\\\oLo\x\e\\E\\\\"\L$\\i\0\\i\X˟\%\8؉/\MMC\\K}\(u0^!q\\U}-\j\\s=\ۏI/ZP\{\~TB9eYQfdL>B\U\">6(\aET~7\˰Z>\\u\5n\\K~\0^QA,/C.\H\NbC27@p\]z=~\A5Y<\4[Fok\\꿥\\3\ȸT\\\\\9cdY\\|5)	u\)?\vT7ɪ\\?۶*n}a\\\clB(+o𼚤=^]\re\ֵ^R/?\d*\0;\k\G˗@|8ˏ\\\:=UZ<\'oK\^3{\4\\$UA/\^na\l\dEF\	\n\}\z?\\\x½N\[\V.\n馜J\{cT#Hܴ .U,\6WdYhl2L\0g\Qr\\TQ\\'f$\\U#\=\8h\[\d\?n\3wZ2e5y\7tNۀ@Sf\3\/\P|Xl6\W\/S$^\\9D4\n\л\\O\!X5\H)\R\-\	H.\֤\\\Y\\U;\.drӋ\\TEé$\=O\=d]i\ans^!d0\\W-!W\*\U]v,u\0̴\|֒j[\mvr\'Uz=VL\1֣\J6-d\<\^[\\F,\jB\@\\|`(׳\X\gm\)c\\}8h$\K\0\\Z\\\\Zfik\ڨ2\aY\mht\\7\\h\W7\%\2\r\ѣYIfG\\'\H\yl\\\_MRЮ\\cN\\g%\Z\\0\ArVU\dzH&bj1.\\>P\J\9$L䠤	td}%\5W\\\/~UMt\s%{~p \\UM-\nF][X)cWY\\b\\'nHw+\w\D\%\\0\\ZI6ɾe\#QT4꧑\\r\\\*\Qnp\ay(\\\p{dc\]6tv\/I|V̿^\)\\_]o\&\\W\Ặ7?ng7c]H\H\\WBP8=oꬁ\Fҹe8rp?Xl\!!\*\Ǩ0u\\\عM\1\w\K1>\m\V؝f-\`G\\\\1E!\Z<\;5<x̏E\\\\\\WhO*\nt\KuTBqR3\\\S\ru \\w\G\5\!\\0U=2$\R(Můi\\YM\H\mZE]\f#\Uv\TL\&-\\r(*\\&EF]\H\-Fo$C}GRȺ`\#\\i\\0h\nZ\2J@w	SY\{qdY\_Y\jȈ`wub\R\-^\\Z\Qb\E\\0UA_:E\Uoa\U\dv2\ڣ\\_宥o\2\1\\\\4Mo\Т7\(i\Z\n! s\\\~h\7VV\|c \^\\87޶\6d\\\;i\X/\h\\\"CH7\\,oFu^.KRo\QYVߊ({\\sm\u@T\\	\\SѶ\q1=5a\\Z\+\SL1mSmT{\\ĳlxz\=\\mnOT*Q;GX	\r,]t6\\\\/\oW\m\nF\m\<\\V3\76k6\oT\	y\\Q|xE\q-\=\m\5YB2\\I\Vl)	н\\\\.⬴X\>{\WTI\"\X\3=A-yEត\$\\"c\\\c\m\\˶~\\\Z<\$&y%Ycgɘ\8\c\rfVF\\\&\x0\rTĲ\\*p7m\0\Y)\K\r\ߗ6%͂\'\\Z4\0F\﹡\0\J25Y@ψ\IR\F\s	TR\u[Y/\U*<f\nOW.J\\8\\\Zv\zHt{\\\B\1/\N*E4[\W\\_\T\\u^*ڗ\]\0\\'Hx[a\RU*|\0\\\PLafp˼E\"\QwG\\|zL^SW<˄[0~+\\T7\0\] ]\\'\\YeViylk\\r+`	9\|\$\\5P\"\8\O\\z[\\HdH\HR\'\0\Ƭ\\>׫\\s\\\z\\\\W\Ǐ\\\y\TZ\\\\<sA&\\]s2\\0\"?1\\\{\2 x[\l\]u(\X\\9o\Tߵ\alE\\\Ӆ8\\y@*\\q`wțٙ\KpNTwb\-8\~V|0Lۑe`KqM\0)^{S\\G\8J\U5\I6礡\\0\/\Up_Sw2\\q\UI\"\wGWg5B\&r5n~G\N5\\\f*:Q&d?ޖ\632\7nۚ\l\\Z\\\n][2~Q\DL\@~eH̾\\*܉\c\l\\p-Uu0\\\\o\9/>eq\vn\4(`_1\r\\=K\j\M\"=V\\\\/kُe\I#t\n_\\\R\2\\gڢ\G[\\21\\\\D\ur{ӚMZ%C[\ݤx\\"#\\9S~h&\'lFv:$I\\8\b{\jp̾\Z5#i?y\Z\njA~+\W\\\}\\5\t\j\\kFb\x\n4b$V\cj|>\/\\\u\\\՜¯\\<b\8o\\\/\/ot4}ȿzbBg\05a|QhB\\Z\$\Z,ɛj)c\rRä\\\u\#H7gW\\>\\\0\YI\rTWpa\\\e\AAVS\\\\\F,\#E\pAUVua\4׍p.s}\\"ic\0=-\X:E\{C\м\r1\Th\r+(\Svr͞pͪٳ\?\\0\\[aY\\qq\6dB	d\\W*\\\cU\\\rN5V1\E6\PC\\"<\ɦa\\<2\0l?AH45\qrb>i݋WS\\\}8\礭Ax\p[F\H\\0~\k\\0d#W\u3RS/\\0! \\#?EVϵ\hX\\f޶\d\\\R\Z\U\\\.n\\R)k?z7p\B?ڥ\_GeTf˘ܥ\\\\rWYz\ڦDJԄ-kA8Gv8֖1j	$Hw\P wZH\x	 \#\\O!\U\\i\\k\\%A\"K\"u\\^sut+\E\\ \V=\+xٗWg`J;\D@5Rn	*X~\UFLr2\4\7_S#\5aa\Z7MD\EJ\\${\ٝ\ǜΘ7\	\\!HD@Dp\@?\Y|Z\\5n,\M\Kc\{Drw\m\n\@(x\0etK=I/p\Tͮ%\\\Shwb@\Rߴ\\聾+\R\jb!FYvT?7J`gѻ	\\\\#H0\\\\t\r1\c)\yPH\\cNHb22\,GE\\R\4\\\\w\O(18\-n\-T\f\{\EL\d:\\yj\jm\ܠ9#Ju\i\`:f\Ml\\\n\Ef:\0\\_\B<.SrRKžs\~\S\\9V\jܖax*ᄚI	[j\ґ\\\^a\\\d>t\o\\nDBɻhh\0g[b\ \\\Ah\at\zr/4ƽݺv^\O\"X\Z\\^\-&\ݗ}:kj)C_?\|\p:\\0.\&\\!\FPt=\0=\Ug^sҚo0ڭ\\ڹ$z*c\\\\.\Q~\'i0WB\ \Ս\"̼\o,/~k\\\\\n$YT5M:T6\ZE\ו(#⡐6\!\\\rt\\\\\\I3Cm<F-Q~\ZG\t\x\\n-dwOU \:B,ڼAW\0\\:G)|YoՔk<\]5R\1\kۋE$Iw\n8GZv\n\\UECH1\\#姑-\nk0au%t)6\\a\eZ \aśa$K\cʸ\ֽ\\a\\{T3-S\@s\",K\VboYnP\\\np:b_\g\Da\\~\7\v]\҅\CT\t\\\]8>JkI\)$\\xyeN!h\_9f\B5֖ݕ׏\0\!\kHƤ?\HąOUΆ=5\\a\sI\\0/\J\\	\Q3<v}5\HGU#\zq\$Z\-x\:3I4\9TU2SnϮ\\st^\n~\"\\\0>6 \#\\ZO-Yfsg{\oi\\V5\ڐW\\wU\l\9-+7(ywn\n,XvZa6\r\\E0\\n,w\0]BEDVM\2\r\{ic\nm\z^=_>\\i%@G*6\8SWǾ׷XȌt\\th\\\eL9m\\7#\E\\\\D \o\T59d\\;}H7Uֺ\WV&Y\_(\\ᩚy\%<\\a9$\IW\n\\wb}-ۏ$\n,\\VM\\n\2\'}9\Zyvy\\}\\0\"\U\cJuݘb#^\\#\e5\xȘk\0H\\\E<&n\P|\\\?f/Wb_@j\\\\r${>)jꐍk>K\k\.W\{MO3\_=ϸwE\\\[\fq*\+\<\\n\\'w\\8HY(fM\+lX\=\w\4\xiN2\\Z嫨W36\BLi\\<qj\=)$E\\"͜9\\/#W\t\R\\S\\4\r	\r\\d\)-\'S\\S\\{\\\\>}7^o^G@\Ǵd\2A~\8\\Y\n.X\G~\\\~sPK۶\xE\>\܃ {\\/\[o\\|sEQCBJ\*e\G\$.\\4;K\C\C\\Ѣ\\0xe\W\MG\nq/~үP녉UMr\\'K}1\\ю|8ǖ\$	\Ң_\Vw\BĽ\j2f	q(ї́Abv9P!ux\nW0\\V\\@j\8\\<r\0B.>\IR-\\#^\Y3ϢM\\\\\-TY\@\\\Qm۬\<]V\\.\.Q\\EJ\i\hr) \-sH\G\*\.K\\殌2sERvtE\	\\41jC2W\L-\\.\\l	*\0;{2\<x\D\0DܳT\\R\h\\\߂\B\\1[r&\Tf\YKnҸ\\[\7|D}YA}*\uw.Yx\\\'\\i}A:l{~iK\ԘZ\v0\Z\e9is\U3!>\\r}g&z^x\\dorPØCifm\%\Z\u/FBJ\05E\\q\7\_1Q\XN{LDh\5(\\\\Qs\¸w\\^e\30\"q\v\\Qx8\IΞFȜ\H~<HIU^7ĺr*\\{\\\\I*y\')n8\\>/䪕Up\	?*0k\\\\zPZ\\0Md>q*C&*g\\0\Fߟ\ZYv5oMM_!=Q\\ X8\%Q䑏ON]5Ǡ0,,U!\0\ݻ)	\\\q\\5y_\0.0@\\\F}>\\\ V\ \_\ږ2-G\"!m4\F,#$Gi	\Y9\#tLۦ^!PU%\|\\U\\`SJ\I\T\Yu;vʩn^[P<#\\e\ff̉R\$D;\\\.rX,/#V\0-)j\lI\Gԑ\Uo\^I_\\Ab\q9\R>\̷%ͬ\in\2t\\1\"<Vo\Ǳx\N\Z1\.Fr߸lR\\)G\m\F\\b\W\䒦Dx\\9B9U\\G<n&rNnShPAd\"dDj\D\\\҄lHqȏ/Ӎ$\*hg\?/!\\nJ3IWouY!!z]AX,\\\/xR.9\\<Uft\w@\U\0\nV¥t;y\Rl\,+1\\\(SJ\} w	Q%\\I\K\\V\g20\W\>*\\y\\:lI&\YڭD\[G?\%R\\ҳ\3\euD\D\nԕK!\f\\rUՄtlTRQ[Hd#L\ǣE\LFYܚ\&*]ٵ!\]庲Y$ӳ׸j\)\i[>\x\/+b\]kьr\\!1Bty\ލ\\\ǳ\PU%C[jԷE˫p\u\\0\j~}S\B|\\\o\'\'q\9\GQ-M\~a\zJ1k\\,\x\K_H>o\~UlK\\ \\\ߗF9gUW\A\X{\0\/O\kGCڜk%\n\ԁV\[$*\S8\q\A1T\\\\V՟r\(ƪ\r\=h\\j\Ս\>x\\ϙ\E+r\,wcՕXL\\b5\\nB\\W\\~bì\rg\riF3L\2\o\~r\ՅW\@y9jt\$*\BM%_\\23׊#\%ܕ=#\v\ʋ\PO܍\^OsO\=\\\&@FIyӮW0[\Y&`C5\Ii[j\jàY\e7\uJ\\\\\\l{D6\Y\٪\kg\le3x-\In2-R\7:A\)&\3A\w+$_M@ۼ\u$f\cE\\0Z\'\֔\"\F7\.(ሸW\\o/IBF\\8z\ѹrZ̻˿\0\~Ai\\\0\\Z\ge唒\]$\x\nxn\*G-S@D]Y륎\vQ\Z]\b^5\\\\wu1[VJ75t\1\wkCm[h\Pn[ץdX\i9	f8\c\\\*>~\Yזеڏ!t*	>~|8\0\#\ͱ\Z/pć\'\ryp\ǉb<8}x\~\\qm\\\WAu8\căU	sN\.cYO\\0\y\x [\\\\\/\0QV=mbr\Jm\{j\E3p\"Hk̿\||C6\IjH4\<{\P,\+ OKj_f	\;\j\~Ӟ\ͭ\g\\^\\\AW\0T\0Rَ:\zD\|\\w\g\/qw|\qO\n.\+\\/\\\5L]\\rR|\E\\$\r\Uۑg\ܕףUeK\ٞ\6Is	\s1*\\ɩC,\zC\"<\^җ F\4<\4]`Mcߺ\\\N\\/,vLVP&vD\"ю\\\9=L)>\\iyo\\\Z\,Ǎż\\ɷ\:%\nߘ_\T@ͱԏ\GƼ#H0\\F\"=\\\\?\i\p\\\\\\\UQ3\\#\\i<\7jN\YnT\\\\Ϝ\G<or\|MN^[\\$5:W\X~\"\Z䷈\\\"%ʫ4\q(MS=\\0I~:\Z&\\K\\\Y\0t8,E\\2\5O\_g۱V,x\O\ϑK3v\\\\\\ʍl_>\\+h=63B\I&^\\\"U\6ٛU]\\y(Yj1U\1?v\Jݲ8֤;|b\\}4=\\lGp7\hÓ\j\kTf\IO0\0\\'U\^?Ȟ\ă\v\\DdËdb\\BU3\QNE\n#Ӓ\\\Qg\{\U@QW?R\\hr\I\\1P\\/\^fȺi\c\kj\|Ʀ\T\\<=u\{\$\\\\\\/\\rz}c\\r;\\+3Ua00/\Z\˖0 \\\\]\*I\r(z!B<\hZL\0iqɷT~uuC\\5UxM\c\J:\wWCYt\\#\\\\\	mD|aϽa!\\zr#g\\\zD{\xjU\!+\\n\D\!\\͔Hd\Eh\n\42(	\[_2RQUK\\D8vܿ3\\Cʠ\-\u\L\\\^aZ\\,\\n\r\,b=\PnY\\0&uXv#J8f\֢.S>P2ʅ\卆\\\nQ\\\ZW\0Hy\ϗ\?PU8\H\!1Ǽzi-}\\mKy\Ì\]Q!#\\x\Z\!l)dL7\0\\2D:A\'\~-黋6\E8y,\<\\\Z\T2\0b_\؀\\4;{1{\DKWS\˚ny\~3c\wT@?y\\7yz\\\Z\n\ώZNOsǘS\\cDBh]ƙh Yy\F\N\\\/\\,\'I]},Q\'	\ \Z\Z	GV\O%H\o\0YR$$\nt\\!ê\ ##۞DU׊(R>\Jko5_IB8	uR\\Z\\\9UUG	i.Fj \0\\\-\\{\D9df\\vSU=0o\?\\ZD`#ߞXhv\m\:\\Z\l\mTR]! _i[_\f.\'$\$ 9\H{jo͠\y<\V&\j\i}E^N\\xe	%xvId+\.\qի\K\3[\m$m\	\6\j\5Y!n\\g<go\a%<&w\g\R\\\\{⍎r\܀lJWy\}J\\\\\\n*9f\Z:Un\n[_%\n\\\\\\f4\,\F\"\$^I${D\0sʣiNT\S\-Vf\6\a>4\ȇhy2\\\)\\0Pf\x{:ꫴX&x\\kvSI\"\6+\zOMZ\\Dh!\ez[\e\\e7iiI!\ATTH	5(\eg[\"ٙ	\+\C\0\L-\%-WM*\\U]7}`ǰ\\\\Zj\-_[\\\\CPb܀H\"3\f\\?KQ\ݤ5\Q\ \/\\\9\0\w\0\PLO\\'&\ck7 >^5T\\\\\\+\19i\W#+\\6Ӵxe\k#\\;\\FMr\\Q\^B\O3ȃ\\\Q\KhdZH%\\5,\/\$\Z%\r\V\\^\ō\b\j\0	W@\g׳iԳ\͚/3O\[\\\^Q3-\ś@!\G$c\eI\Zsk\_y$\\w68>\\iēz\b\xCv\~5ڿ	/\鏲\\Ļ[\5Yz(DK8\|F?\دӑ\\,i\\T2\;\\ԓWL7\'\<KD:Ȼj\\\1B\\0jl\\\\\g[	I@\\j}[˲\!Uz}?)b3-NR\Zp\S\HGY\a\DUUޜB\cA\K)j@\\\RoXE\\\\\\'@m\"<\~d\]d\ؚ̽E\r\\\\͜DO\N\"Z\K\{.u\\;,R\\;vw%\u\\=\\8}\v\\\,\n\UUDx+W2R!\\"?*^J\J\IxGh#\v\<A4r꯮6R\&rF\T>uqE\p3+`\\\Imv\zS~Bj.km\\rTnI%e\\\U{ȭQ\OU!\\\\Und\Z蚞h\'9\vj\+5n\\\[\եSzG\\Z9ܝ9[j!9um|\\\WMࢉ*\\YQ\=\0Yn\)Fx5>T\U{\]MnI;~\\0\\\\\/\׊\\02\\Ps&G.D\0@q\W4#!\m\rOo\Ϧ@\\h\O\,8ߒ2\\\0~@\\-\%mZL>;	$]\*Be+\\}D\\ʏ\\=\\k\s&Zmf\W3{\Qd4%J I{\\Z&-\9\{\#Z3IN0jP\\Ǵ3[r\\\\x[Sw\nQN.\;P\\1\"]\f}\Yk\\'\ǧn-\J\"QwM\~^3%}yg_5\\/V_(\\\\PO3\^\\։\t\˫p=T*I}\\?D\\\\}.\g!tOI_Hn(Z\r{n\\\r\̆/\PmD\\\Kf4\}gY\d\s\yI»Rt,\!U\ ܍\\\rrs\>%v\B-.\02p_p\W\!\,:\1yv\rf6c.\O\6H\UQrzutK\r[#\\?ZYE\5~\b\"\\$P,ҵW\ڙW\ZWw5nim+,\B)NRV^Z}7.Xܑ:t\U[\-XK>,Y\\8=\\o\*.\JW<dV\*ժ\U./뫝X\'X㠮\7\\3//\g\\\\\*\'o\\\]A- Aq\"t\a\65;m]0v\\\\i3qo\\H&\cȖ)|\uY\qHq\\0\m\W\\cR9\W\\U\[[_u\&ǭz\<jJ\\'PK:}_\\\0Gw\:x	s\0@\_6\g6)&m.\~*\\8s?\R\J\Or[m\"\<Z\tj?V\\.mo\WV\\Iv*\-5O3<i<T\^M\\\\\!oZ\Ef#AwUk$\\U\\6mhIx|ȸc\Al\Z\\\0\*b)\\H\߉uSŤ{$\PR=K5\4J\df\\\H.\ת\Z7\SkO.[\\s^\n\0\U\0\ZED`bGn\\^nN6 \d\Ǝ۸Tk\/qrs7\0B\\?5[7I	#\\J7p\Z.2\\#\I\Z;C\\@RD{67t[\eO0E\\v2\ӏ\Z\"g\4H;1㡵B+18rQҌV~,\H\r\e8uv\J\"-\	\W=!A#=\ҏ\Zz)A\\nxFay^jU\\"yImKRTr*m\Qr&BN\0\\DK飆[hN\\0\\\"\\\\S,nqk!z[\nUIA\\\\\r܀\ꁹ\nF}\?ޢa?raT4zIUq\\G\BX\q\0\A\ȋ5fd\R)\°,MF;@{*m\hW\\\;pAD\\^\\0gpj&cM\\k3pwms\'ʸ\3m6\\	+*jO\0\綴\Q\\\\o·,=\H\\~`\\\&\\\uE!H[͒u=*\)w\&\\\\r.:k=\s-\Y$k\f\t1 T\,q-(\\Ẽ\\MIIu@Oyy\\Z\2eAx֬\z\\M$\&\?zC\\"M\\\x\\\2\\]`\0ƭ\l9VF\"]\\\B\\愥{ҩ3\ı\\2xj\$%<`\^<[\܈KH}y[\V\q*2\ino \׉jAٳvm\ŭֱ{zFeJ~\\0eǺ\0t\\xUC\Z\[5wOXz/\T\I_rg\\\/&CXO˦=\"@y\E[V+g|K˖ލ\'m@\n	9&*W>\"(ɎutϪ7\r\nݛǙ\0HXbHAȪZ\j~Oqט\QQE&\Z-\ݻ-]\*\TYƹx\ \\\\?QP\ʳuuVQ\"\0!\<y	\\6D\\j,\(<\h\\UU\0\-5Czw\\\D\=\mF-X\\Z\\Zb[K<q߬޴@7,\Ā\h\\rZl.I_\r$i\n@_\^rˣ\n\=	c/]\\Ojp{2\\޳b\ld=\nA_1*Sڰ)\\k\,\馑+\]@\qnm~h]P>r\=\@:k@\\\\\֖%p\\Y\#\'/+L?#\ZڲP\xKI$۰I\'	k$]>j9&\6.\d5BAՒ_t\"xDU/P/\Zk#l?T°=;f\֬*a\ߚ\\\\\\,B\\Y\t%\wua#FAԂa\\\+/hE\r)\w\\}(\j\vGUF	\O/n|9Tρ&hd$\\\0\%W#T9\q\+}K%Y\jI䊬Qj\\8G\\f\r\[dg\TtCGYn!e?\`G\\\n7D `x\0Y\z\f\nB\&#\\-`7)\=g\Z\XQX\\|Bx6\\=*2\\yZ\\Ds\"䚟|y\$	\y%\}]T|&mT|g\宛\\\"Y\raHum\\)\+\\\\\_u\\JU\JQʨ\0oG\\\"\%\Z1\AplR\\,Έ\ݪ8x􊡏\\n91gx.\s\0k\0M1{U	ʲՊ\C^\)Vmppn\\\}t\zh\yWtMg#f\\*\=z\n\,s%r\>\SV\E\v\0Y.V[\E\ų7.\\v>9o\\\\%*\Z)\[)A!\\DH=%\/IcXtyk3\\wQ\IBu\\\驖\\&$\\\r\$fJm~^l;\\o3v\I<H\erʧ\Gb/\\U\\\0=\\\R6\\;Hd%V\<ۗ\jA\țfۖ#Hg\d\'FA\O\2\D2\RLJ\\YB\wU\\\\\{\\\D\GKn\n*E?1W\=\5ٶʋ\\O\\Ct\'\\\4\\v\\+\r!g\pAT\h^I+\{(\ZOT\\"E@e\/\N$\\\ꓷ\@h\\]A\\g$Q[u) \lc\\\\HC֭~<\5\\\\Vr&\0C\.F\~p\\\E5sޒ\ܯ&c[%tU.!L0\\0\\-\\5#q7(\/Udb\.\R\\\s\7\/9\w\\\n۰8\I \Qc\DԻ\n\#y\\f\ LD\\mbs:D\\\'$c\\|C\CHhr\\\[N4\?\"&ᒿIcQ>i\\rtg\\\V]\0\'M(`S.2\_\#\06\r\"@<\M\O`\d\\ܔ\\\C\5e\\%o\\xV\\5ROw\TAI3t1\\\\I$\UYU\z\v2J\\$\I$(\\\rw\q\fz++T\g\$\\Zܩ;\\ħ.n^\0ˋwE\\:\y\'\w\A	\\5\z\<H0\\hNj*\7\\ɰBKR,IQ\Sz\i\\\\~7Ze[I\\\0\\j\3\?Wm\0.̜V\Ӓ\Òs\([\ZIii4HpT\~\;6\Jig\03\!\\\\\9hD\\\n߉Ii_\\U/2Τ\$Xc\E\WUUX\b\Di}w\?.`Ue5\l`ۯrXf\w.\X\NeYÒ|3&\\'\\rMsByh\+{\n\shHWQz\+\Q3!(\Z\\2Cd\ZyT\\\x$\\4y\0:>Q\\\\R\\\UкU-^v\EL^p\O\N-XW\*\M\WuQE\\dnۓ!۬jCxcUꐃ\\\2%\$\50w\W\H\\+x\rG\\,ʄ\/\yk\r! \/C\h\ӝ\lŗ$&\"-\9\	*\\\\\)K\n<SqQ\b.\\'\T|j3\\IL<\YϿ\C=9%VIl6\\\nO_,Oia\]H	ic{j=Oԇ\r\}T0\Kc\ꨢ-\H7t<j[*9\Qk¦e8\R鉐u\AB0\\k\\/ngZ\۰\\¢gB\1{2\\\y\\I\\n$\\-Kj[\0\\Zt\0\c\\E\2Mc\'X\-\ƐidFWgA~Je\jպ.%^< U! c\:U\\\\.G%y\\\\\Z\2.]r\\\HH\e\vn7\\n^2rp4\$\.\\\\0f\Y\\\,4rA\x|p\:S\T\u1\\r\\\r1.\ұi>hBi:*WΥ\ny\\x\\0x\\'\n\H71\!\\*C\\Ίh\,#Y\\\/!KR0\\*k\r/rJL:c3x.\BI|\ΙUHt \\VSJr\\m~Y\\\6h\2KU۸\\~j\\\Z*\,\\&\nG#\!\W<\\1l\\n\ŠJ7	c*?N\#o^\\#\\3,M\"\:	!͒}[sU\oD\\LD7\m\\n\\=Q\/?U\ZYБ[īz\"\r\$\\ET\㔐\,tU,G\;D\\\LA%ȒY2=\J[6dJprT\\s3\$\'(䈒΍\Z4\/\\\\\Jr[\	X&\\\\ư%uY\\rcIYq	;\v]4\\Z\\km2E\\\\"\\͛\*\0JjC\:$\0f\\r\\ކ`>:UփRr@XD}UV\\.`~*⫼K.\$}\{0V7p\# >,{=\?\\`کy\^E0=URTRI$<\	t\?)kJ\+v\\U-ͫ͋-\-\*.\U%\\"\\W+ g\-\r\[)96`1\l\"᫵[b\$=,\0uyt\\.yk\\\P\0\rSn\\YW̘4u\U\M\K,uU3\0˳~5ƺkI	nD\S\\0mj[n&\A	n\\zMS\u\Ń7\_\fw	r[Q.U6\\N]\>cB\\5YX\ڙ\f\H2\\\s\c\\s^s\\A֛HW\<^eU,es\\yV0/J+\\\ \YͿ\0zp,׳\w.5|>TH\\\W?\}\fUY6k3vܓ$>l\\ᮈo\Z6\p\yڂ\v$i\n\\I%[\\>L4F4!dL*\"|ڷE7n˻!\\\\6*~\nJ&\\7B c}T6,\n\>̷̥^#\T^\0 \Z\0\\8w\Tճ\({R6ü\"ђl^P\,\\\vJD_>?\\0էڂƞG\\n+ݾ|S4H\9\\-,K灸nUX\`\/%*\\'\\U-\\1\\Rd$f:ݔ\\6\)V\\\:6I\\"\\r󻙳|k;qd\L:\;\\@Cտg\NFuQs\Kĥ\\\/<+\"\]_\KTCjJ[\HfYՔ^0[Q|SJ\\<\}i]ix\\5HGW4\\*\x\a\L=uE;\B	-i%9q2\-T\.	*9nTz\\d8^;nۊH3\_\q\Q\gg܃eۊpճ.[\\u\\\0U!Kǥ^-\B\0\"\Ql\r/\\Z$[foc?A9u\|\pZjfYx\\\*\fnKwl4jr\:>\\\5\N#\kNy\[\LpF\\CKv\-jɰt\\\I*z\I\>l@=/$]Z\\ڶA$Rod\0fX\\nXa\\E\\\\d_`\\fb봒[\0R{+\\r9{-M\\vi\\Q%b$?w\\Go\N\\\?p\շ%#\\\5\\ߕ.Hm\(1\J鑈\	c\\_ܩ\[l\$v\*C5ko˙Q\X\Ceh2\\&nLc5QH[\HIW{uL?ɶ\<y\pdyt\+\\A\\\h\F\Ub\\\\H͛1\\\\\rci\I)\~1M\H\nK\\"\\_۱u\w)2\\\Ee\81e$k̤O!SȈO\\%\եcr\9G$7	UH\?\m\砫nH77m#ܷARvU|պno\rk\\,\*XCu|\\T?U`\^ݧR\r-\"k\\\\T\¯䵺jxYi\A\Z	UQ\-\\Ȩ\in\]nFڋB)5wp\?\_Ȫ\\T\ą$Yd;q.\0$\ٖ\EYdܺ\?T?p1\\@D nj#9d5v{%ZQ=/ͩ\gd\`f+${Q\w\\\\X\/?\\F\\0Qb\\\pͣyP\m̽\IWN\\\\\n\\^1էp\M\Z4ْ8=[~s\\]vh\\\9\\\]S\vudc\es\\\\u0`\\d\0(R\;r\"*\+Q\\w\uTnZ\\|\\\(\j9\aQJjr\CS\\<*Iu\@$}^Z\vB1\\Q\\\H$U6C\\\\eyy̘xW\\0r7t\jVAd\c\P$_UP\z\BELK \e\n\rtncq]Ӏ3\UqUufӄ\0ӂ\.wC\gecڣUY\,Gp̺FI\0\rLUYQ\0\\\PzM|\q,[\J\\`\l\\\;xw9?mĠͿؗKT>\ˏ\שX\<#,(\	Uz\\V\\5\:ft?\\'\\'䰒\,J8W\b^rݩ\\W?\r#\\k\2+1U\7yu#\=\ND?1\S;6P$m\\y\\B4\\\igj8Z\\?eer]ɀo>\f\\rAG?P紐\0\\`\\\Z\*\<\XV\\9GAT:#Cu%&H\>Qĳ\I/^\\G\0H%\\@ܖ\\\u̎C\!\"\\_\_g\Ir\ٍGѷK&\\)\xB[+~B*\\\^mE\\$_\P\\\\'tSW\\0Tq1B?&|WfYZv8Օ8\V@\Uyjd]}pM\SD\!\\\lI\'\4pj\D\ڮCB\np\9xV\Ta\\W\4K\*g_nd\'DS\\RޑI\Su~};*\6g=\B/\m\'\%\n|:\'\e\_5wK CܯZC⪒\Yl1\\\ɛ\ǔun\:W\u(c6%\iO\Y⦱Z-t,6v]gp4T\\I|:5D~\j9#\r.N\\\ʉ榪yd\'\\j\vU?cʍU\v㐇\a\Z|x\>J[\'\-]\n\0	7T\]w\"\\0\]=!\ca\P\<5\\vj皭i*?\\\EXJ7\I_]\WL!\'6\7,R3k\\ן#T\\eO\_h\V\E\\q9\hY$\\"\g=M\p\)Ĭռ\=PI|sۘ\]XwU\\nUUY<T\0ULvtM\f\R&eb\i\%HO7hܬ-L\\\\\k;Tx\\\%q$\<p>\\'\\\8(^\\'*U-^7#}4?\\0v\0qϻ1\s֪iDt\\+n\}7&E<yr\wTP\\9#rqc\9\'\#7AV\Ē弈\ةo\ݶ/T}h\R>\|\B)t\r\ep\W2W\rUl!3\n \N5\\\Ȱj\0ҵ\{\}C.Ǘ\\C\\{\\\\9X\?ys\\fͰƃn($`\"}x\\VU\\\+5=Uv\`F\+*q\&I\".\\G\uG]/7y]\\%\l:MM/ZD\#!<\]څe1\Z6Q\K\\r\F)\\\Ln\;unsRV![vI=Tw]cّml3#w\VZ`{i*\\XԁL@6w\g\/\\0$\1\0I\@@ \wy+`e;f\\\\VTpɺD\Ʈ\V\-{b\INAUD\_\be\ѫG\\вh\\e\kcVs \\)Ǆ@\F\"d\\Q\\\3\S9\\,(\0m1|\EE\P\\'	6̣v*\+\+\?jxMYl\\\X\%$\\\ˢUSQS-\\*\Z\\5Vᷔ\\2՘7^pȐ\r\"\\\n\\\hr\sjJ\ZI9dx\emKᲳn\'\05\]\U\Z!*dK\®8\F\r\ms\?y4t%\\s\eն\\YȹkB)FF\UA\'!z:\4c\\\[:=\v\CdW\P*(I8\r\\4\\e,\oUA\'A\\=\E1}\\\O\?>+1N\5Z\\h,G\\\~ڋ\\'>.p\nxhvT~\\&\ai*N1\\t\^\6\\Pl\"!b&guQ\BMX<3a\\4\'\X`qr5r\\3_=\7	)%\"^\ֳ\-`H93,=\0\\\k?\\)f\^\r\\\K:Ś\\k\Aw	\J\\ȜG%\${Dw*ڳ\ì^klX\/mQP\\\nPbD_Y\Z\ܿ+Șuğ\\\\\n\ٳue\țԇ(V蜣\ jĕC\Mͥ\\v\\\U\bp\\M\\\|\\R\߼zlύҧsqE\O\6пw\rgp[h6un\N\\-\n\0\hgՍa\[N]y[\Ziۢ\UIRϤ~)\$^;\z\햖!\z\w\o\0T\립ٺXv\\'/\b\GXj\\V,\XEsfd\	\\\\\=#PW\iJ\\\\IFٶTs\Z@^&8\$]\b³\\\R+jyNi\7Ie\Ҋ8I;]g6ߨ2/\v%\\\P#VtzU\\{̊\\\\\4\ّ\nٓQAU-uzq\MR\7DɈk|vE.ø<\4\\fU\TZ^\\iѷ\"\\\3\\?5mY])ȾM\4Dk;|7iy\\\\T_g*e9\\momI}`έoR\\\Cj\7\Q\\to]+6}5\\\h\Z}~\\}s#\Sy7\\\ yO \\oܪ.nc8?/\\\\~O8~\\UQqQ\00$\b\\\[#\Z\\r-\\%U/g\U(qUCdx\MO7_wE\V\ղ4\6ݿgr\öH\\'JKR\?Õh\x)\ŃȸB%Y\\Hp\rU|\#\6=N\rT\\\Tc arDx\oBKny\Mm\ҫz\&\u\N\\\\_(Xw8p\nXl/\U>\%a\\6eaV6-\id9Gշ\AntUpst\}T\%\Ï\M͚oـ\\E\S\w\n(# \GIwN0H\P\iE\0_~z\n\*ȶ4W\1(&\ȓ\U2Q̒G\.#Ç\\\ْ\"\\c\Ez\ޓ\!_Qh\Zb{BAV\6\^ \r\"i,(\:b\A01-\X\֊F\\vLz&ct\ߴ\Wa\\*\p1H\&RΒ\\GTG\%~%Q\+d3\áǧ\U8F\\cC\Q4@:\5AT\UȲЏ#\S\0<NG\a8~Zj黟\\ZBw\\n\ƤB6$U\\q\t<$B\0Qɵ rK|U\\\Pr2\ ʑ\2?\\A\[\ՆڤfQxGOj_\\Z]j\\9e\?QQ\\\f\\|\0z$\<ʣjʭS\۔O9مm$\Kºà\g\E2\\\\c%3hj?z꫏`Њ˶򨦢\Kf[C\ZFKق\Hڃ\T\\\?|\P3\\-˺|ݨ5\y\۝sCyr\aH)\3b\F!\xg\UQ\\Ջ\\S\}/\'<?DqY~\\\[Y\M\S\\8zV\r	o\W!+A\if^B\4X\oKym\"vӘ\F\A\IpW\Rn\0\D\\"Hi3km4,4\\\-\/\$\"\d\V\\ug<E\\\ZZΓm7$ƫ\R\r\"\/8$Wl*?MPIE\]E\+\r\PesC\Zyw\U~K\p7r\\MH=5b\THŻTZcuf;&+\\v3\\VY{UQ\"@\\_G\Np^\ \aF\C{D\Z\ ,K\pyt=p[,\Q\&\뤠v\\-\X$6\ri\fsa)\nx\OfM\5W/\W:⏄\wRq\tf[\Knk\K\088\x\@EMwgV\ĺc}_Ⱦ\%,/ĉ]/.\\`ۂyf\*[|:\\'\f\\\\jP1qҢٹ\\0\0$r\0?Y\\n)o2\\\Z\\\ZZ䛅RW\0\\_v\qx8eǭo\S\q\!\Z\fii@\nXj\.\,\SW\\GHŤ#\9\\U3j\S\mR\\xJv=n3i\\0juw}\5\c&eS-EWS\L\hYTT\T\C. Ba(\r UW<Z	+\\+Z7\O-\\P%\,\\\N\9K\I:\&\[/ܦo\	f٦BB?7\?}\\\0ޭ˻\\Em\Q}\\l\H\<%Ox\\\ˢ\\tO6`)EH	C\!\h\\\H1G\<\rժ\t\\\İ\U-\\R\kc\ex\UM\/{1\N\.?1,\\RRN8$\q\\g\9\秞\\ڼ.*&\\TK\ʳj;\\ә^Jd\G8K4Y&	:]] \H?M[\DbX\W[\Z\\{%;\\0]H!h\\\.\ZїZ˿\\r\U\e M{\\C#\	c\N\>\\\nX\{N1ʹ\0aW%YR@\WHU\\0ˤꜸ9\\^`\</mɥq9\$0%sHM!<p\=zwh\ToG\\r\\z3qQ-&	\\SC}QВ/yjYC%l\2y^<&\)T\\\nw*izYm=5V\\79j9{)́5u\\T\A##i\n^\^.\q*\wBr艖c15U\WY \"\\ȴ\GLjf \ZycO\\no*\\9x\?o	`Z]嘥=\\VI4\Hޫw\?\_,\\'=U\Mmh\7xǷ\\J١)}Y\4|\G@Eз:`\\-i4ɜk]r\\%hgشY\n\\:^>\.B{\'\n1۫\\Zɨ\ԳXąDTH%	D\\Js׋qIN\Z\nX\\n`C\?\'\\g\\s\?\f\ZP\*G\8#\.	bjb!V\\\IU\0\%Z+tO)q\S\d*\\Q\%#\G\\~wʘ1\d\\ƮI\nji!\BG\n\r\B%\#\0\0j\qƞfƃ\C\\ĩ[\\'ZHe=į\\\iKX|&)uW\R ߲x<&\hZ?\%\\d\\$fX%\5z\ock\<čgZ\\\Hq\ny\߶nZ\9y\\\WOۈ@GG\\33\0\5?\+\2yf7\0(X\K\0%\\6j֍y0	\:YT\<\|\SL\Z\O\ov\i\\<\\]Q\\	h\͍v.\2fI_\\ܩ\rNVޅt߉Z\Jfݨh}\\\\\\\\*\!\&BkW\\r\U~\\α\y<g\}\޷\\$a\pd\ڕH{g\ux\\\mK&\I,6\B8Է/av\96\\x\/y9-\\"	t\^\\\m-T\D\\I\'K6lXv\~\nI&\\8$~\R,\@\L\!i:1DXY\\RR\sr\D3l\vdFA桤f;~Y|RȾ|Pj\i}\F_s\;v.*E7p\\\%ӗm[xp)\\oe\@\ZEpeNCǶ>h4t0ڹxg\5K+ZR\WQd.\R\D\N\\\"\\R?\'-\\,5\Wh\p\k\r+0\.,I#\T⋗)^E\؉\O\\}\W2.-\q?=\{-%\]n\ZHx\\N#\$}܇r!\"/|\n=DV\QX\w\rj\O\h=\'züC!*t\\\~\0\T\s!0\#\0\\\\\"<\8\9\V\S\XueR\_\,tϻ\nMCPƣ\y?߈(؃o@\y*b\ek\\\$q#.C\?F\nn\Y\]!\飤]\ʫr\\ڿvbicw\nrm\\s\O$\7,7|\Q\\\\\eG#\7R%\\\1\ȋ\\sm^P\\su\@z\?\Z-\v\Ňts1&i\r\ \q%HONeI\m1\U\ҫ2)A[t\ \r\D_\\;53q:\+\6/i\B	~\@\pIm$\\8V:x\jʵab\h{Ø\ -\!ڡ*+\A\A\"OZP\fH4K\fXD9wU\5f<8A餹v=5J5%~;r/=m\\d\rJ\\\	$1\XG%\\-pP\\p2D8\HW\L\\\5G\ߤhߏ\>:DA\T3ss\qè\28!-?\u=:\U\\\z/6>.U^\EI_̣\\rW\:H_ސ\\Tw\"k\o~h\\"\\D\CC\'r\\ԠX\\\\U!ǁ\\\.\Z\\MV<y\\b\\UDgv$ԡ47YA\\nRo\\}\yA*\_ID\r\\04J3<\Q\Ĥ\0x􈤐lH~A\'mmɅ#FU\')\C\xɧn@]V]\y\\y9V\f\=(7\\\nc8	#\΃\N^?UAD\?\@q\\p\\vm\Z\\alڵ܊h`Y\n~Q\ZcLqܭ\%i%\n-w\G1jvD;\\\\m\\N\an\\-SI\\2\"1/Pc\W\1&*\\_\M5\E\R	®۷-M\;#a4\"2\}[\\\ܓ3`m\!\%g\\\"ZķH&-D\5\$;\\\1q\\\:.9\D{\,\\u\+̿i0H[\I8%ۊFy\?\Y\BB]*T~\\s9\\Uf\s\PDó#H\y\٪\\;\ut5|hy\Ɗ{J𑍷\x9\\4\Gj\r/+\ˤ>\+fYDȤR\p\\$ 3!^|\`U\;<Hm\)\gEh\\\/kn\	w\rQm\d݆/hử\)_Ea{ﴡc\\\U#\6mSvijXގ\E9\\'8%Z\1\\\\\0\Tc$CUUW\0\4ݷ/%tcwF	v^Wac\?\*\L=#syNH\\\n\\P\%\\\]D\\\Hxe!\Y$[\ow\\:&9\φqQ\J&\À\D\U#ȏ\\Z\nXr\h FyzM\-\\\}CAY)\0՚K\"J\\X\\Mqn\kȅ#\vQ%%uU2\\Y\\\\q$Ô\L5ɻ\,\sju\\\$}9\hrN\zA\K\!\\\\QZŌh\0 -!%w\F~b!Xv\\\\b\V\p2h\-j\ZQj9\2\!\?]8\\\\,\\q\Z?<\]3V\T0\-\\\օq\\_)\\gZ\̠\\yo.\V\0T\\Q[*]\ɸ_Qy$ŵتJ8%t&\U#1\\\̺|(S\{07\\j/\\s%!rL#\8H\$rpED..[zr.\a%R\\B\-r\uU\\\Կ\rG:y\'~8EE\\v\rR],MS5G*ipsm\klZl\43\z\#\"\Z0\,\\{\:~TDjy*#P\\.|\\'r,\\.#\R-9u\\\N\O\ &`.=FC8~j\Yu\jU5[\\\`\`\\\\I$\\F\O?>Ѷ[X$\zJ6m5\Na\\I 9 \\*91˫uO\r\r\m]\'K\0\u\B7\\/u\ʠ\Q뼗4\-h̋+\.	\\\\֣\"\#X\x\r\Z|µ\\\R\"\E]D\\@\_\heWM\0!p8j\p\\h*\\0\Z孟$\F\Q\W\nInK?(~j\\\\uhezkr%\ʵ	r\\\\P\m\:!\\0\HK-S\7lL«(քh na\'(%\'Vr+8\"\"ąP\[秦0\k/\nd\I/\ZETt|~>Yg L\\mr_&\pF)N~_ꠏH\\v\\\\\\rDMpt\B\v\o\WxMY:1\뎸\~ѿ\__\\\"\n\v\y4\$4f+\mtb)%\\N\K4\"u\%T\X\\їvcE\\jB&\\Kx\!\9\\\\^z\'7\B	=V\\\\\\e\zF\>+\_ȈGiU\\aif\r\کu%R>\NY~\nU7so\Ea\%A!\\ʭ+l\\aX\B@]\\0Օm7),Cp\\\4t`nh茞\\\z\'r4y\UL2\\vwy\\#[yg\\b\ K\r2W\\\\(f\|\H֬m\͸RY\j\\S\S\\ZJ\ꮦ?RMTVmr\O\t\\0T|\ZL\pU\ʎ	$T\\n;\L7fO@\0<Dq\\woHN\&v_`R3~\*|\&gՒm\\\ꯡ%9\J(IbEX\05.^\Ao\TH7g䦠^%\PxcRWEWǄg(A͝z\n>>H\8\\:3s\\zjF\I\\X٩5p\ZvӐ\:fe\\0Ys\O*x\\\r\\\\\"\IHijA\O\X\\D|fE\\(\:\ePYdg\IƸr~\;:\ey`&\r4\qKmD~\ꃉ\e1\Z״)D\kw\tQ*,7L.\>a\\	\`\'\n\"NP\_u\\0\\Ap\L\j\I#$e(\\\\ص$\2\\\\8=\x\\0\l<p\2݆ݘ\.Y\R\\I$]\b_c\G\l,s\²\5[\##\Z\r̚\0\n@C,^\"\')\.T\î\*\y\Ʃ$L\\\av\\B\mvº`\\"\$&\|\\#*\#T\KH<\TՊ\Ra\\eU!\|Nm\oHxJtc\t\\@@]^J\"^Ho\\\=t]mED	0H%C}=&\\Az(x^W~MHw\Z^gs\j%w\\F\\5^:\誮~Ϊ/h\BJ\\ė\\Gv$Wl4$\BLoM?ZQU\殈\+{@EB\RSs	yI\r,r\E7U\\.\B\;lT\O(j\bOV\%\axr/\3H\%\'ӊ\?-Hmo$b_\һnaFm	#\\7\ú\\5BoQT1-E\{Ǵ*Q\*\Ji\F\\QkOq\lܤ*G\"j+׸\\[\BInF@3pmȼ |\R\g,6J\\I\]1-V\U\\]v|Ũ\n^!#\WCiV\ug\O:[\H\\b\5hE,,\anΝ\vҼᚺE\RT\އ\0GuwW\jrAK\\k}EA5\kd;\\"ć蠇(.Y.t(\<]\<xPKn\\\nČ䬛o\ZXy1\\\c\\'MKtq\7i\\\\\	sK<uH\y̆KJ\*Y\\u̒p\\UkÎpdZ}<JFm\re\K\r\\0)LPt܌\z[q\e\M\	hs\\\>!&Q\l\^\\+\N>ڮĹl\\PTD\t\?~\uVU]RS\\}\XUK\ȼ\qZV\\S\Ⲭ;\Z\߷\n⌗\͓UEV꥚Z\1詯d~W#qs:N̸Z Q[<\\ZB8iy\驦Ȓc\"$:\	l\0cهw;\Ky\,}\\5W\\14\\Qp\\4\"rPӜ\[%\ȷ]&I*\\\ff%`=[vVsܖj\\\\\rRUZ\w*\\\\q\Z\o\#ZJ\/\\kR\3N6\s\\`	 \"\[\\\V\d\\>R!\\$ܵDQb\D\0J\9	\\V_*^5\\8 tI.\-\_y\7̋\	^Z[ahr5U,\#\_\\h\\Lgf%?uSOun=\H\->#w}-|&&Jƫ\\0p\˹\Gˮ\"T\6nx\}\\nE!iE\\MmK<5TM~WZW\LGk&\\6\|@[k\!Lӛ׼QpZ6Z$(/U~2J\8Շ\\[\\\HK\"\\\^\\\1\dMU\HE\ϳ\Gܣ\\R5\9\\-%䯜nr\Fc\N\\xԱ\Z\'>\\V	C@I\"Oelem3ı\M\G\"Tj\'H\5ۚpQ\\x\\8jh%	2zmi)I۔r<2}Uֻ\fiuC-_ܢ(Q]k:\r\"\*\\|E=\nZ.畻\"VEx\\Z4\\\-\\yj F\ڎ\'ܷg\\֛YTI\4\x\$\c\敻,؉$ƙ%\Ciͳ>(uk%Ui\0+ox9G_7A蠛Лk&a@s\\طiK#\w	\  \読Ҿ>Y\])v֏^L\-׀M\[d.\5]/\3tE\pܯ\N\^\"\_x\\3\0EG\:k\Eڃ/7&IH{=\Z\\\S\\{o\Bu\\'\+^\\Ⱦ\aE\m\\a\KW\k_\o\\Y\7So\8zZaC>n\rub\QS`$ή\*۳+t$B\%.\\RQ\ȂGX 1è(ۄ̨6(9T\%\\KU|1e\\]_N\)V~Ϟjt7侑^Q\*p\\n\P~\"r͡ٮţuD\\0ZTO,Z\"/j/\'\\y(k\+!\\\t\\M\n$^\\'=\/0IϨTOËk,\n\*\f>U,\߉y\AGѾ+\\\\\\"!Ved*\\]:z6I\\"\1b\Ǥ<TrmCV/?MIE\\n߭8W\0%(\۲1#%$IKv^\TˢV[q \Mf21xNPH:H\)Y\2M\z\=\L\r\\Rp,\\K\K\\LȓU\\UE_\\*:\\Qn)\\\j_\Q\"з\\\x\\|2X7\>=_mz\#\ޓ\\r%#\9\Y:xtU\"ىwTY<_RBU][j`I\0\\~tKh?EU0Ȍ6cPp\{\\\UK*J\#t\=\\\fQw\:\ZV!0\4\6\\B\W1p\'\F\\РwN\,j\\n\\n\:>r\*p$U=\4\t\e<\(&\6S\&+$Ձԃ1[gW^\\@Ci}t6Rh\\\],@\n\ܜFGV\q\"\pn.\\r\\.f\\r\\\c$\'N\Z\]%C\#\0\[\/\!1h(Ā\t\u\\\#^Y\G<K\ʨ\0*]hm5I\"ܔ\\rP_6\˕\QR\"\\n\\0vtT*\,\\5媋\|1|*j<\"Y_\o1-k=]K\\\!>-\\s~jcwpQIt\^߶\OD\\\\]#*/\\\㕷c\7\\7\n\;\qǦ\\q\ľǬKj\x5$\b\3\W\@L<\2\-\\\\R\\\\\sH.0߆\\$)\1xG\IW\r\\\o@mS/\\Fܹ٣6\BÂ\\\_]K!\\ցL|:e$?@\\0\4l	f\HO..\h>fNVOMIN@F7fsv}\'\rT!\\ݮ	\狐n(Fw|*\׏-\Yc\&\\.ȦZ\\v\\P	[\\D\\1\nO2ի\\9g0\B\Tأ|\2B\%nmU8\}awՁ\k8\:>\;kT`\]\J_V\jܼ\ڳ\\]\r/uHz\&\]\Q$/*\\r3:%WnRUE*\%,F0ټ1\X\[\q\\&g\\\]\*5zۯj.t<NI\\\U(\S#\0GT\\J7\@r6\n!B`^ݵ p\Z8\3s\Q\8BIۘ\"2he\Ҩ|ު,/m\	L,\\'\"*J\yiۭ9x0Pve>ja\\eY^;\Nx\\ѐA@\Kw\\9n\?*XxrW2K\iup%*\*\\I;\GXJKێ\tH\GY3\*`-]H@\\C]\\^+\6\H\\DZ@e-p\~/\\\_՜y\ʤmQ\1t\M\'\9I+FcXv\\s`y\KU\Dw\HL\&=S\\\\m(\V?\".q\8\TW2n\gV\v\>1ǽŵA$\a\vU&DC%_7i!rsRK|\k\\io=,P\5U_y\\\m@%\\"\8nW#T\\\;\g\\\=\YHf|7 \%\\*\3{:uC\\3˚&\\0T\\?\շ(:\\\bpV.,h\\\x?j꧖![\\T\n]J\\\r\uLz$\r2s\\zˠ\H!\9o\0\\Wh\\0\RFe\_Š\^ \.mvx\5r\\G7_.4\Dt*6nbB@_0rᷴ5\,nx4\fI77!\`4\ռGrۗ\\'\l!\'|\]5ˍ\\\0\n\y$\g\'ĒS\\\\%NYrZ\I%W>?\B\0u0\\}(ѪD \\/V4*\\^Q֚o\ʭ\ۥ\\ѻKqSt\\\7j\?0שׁq\i6ʥc,G}\\͜R\\\D!Hw\T\.J\nud\\W@\!ddd\<\e&s|\.R\\\*\\\rVr\\\?q\\"\U/Iy5brS\>-g.b\\\Z\~zmE\e\\n1\^W\\\+ \a\r\Tcs%vU2TIwV\\\<tNT\\\{t \"\<|M\hk\7\\\R^-j.@E%M\I^:GՈT\K0l\3n\r)d\r4\"\\0\9~Zb\fK\A!Kf=9e\3qlq0V4x	*\nIiceY\X.`dWv\w\\0p\^ KP\0wu4y,\.>2=N\\`TTTD\/P\5K$\BH\W} \\.$fܞ\Z\\5\\\\\\ѫ)M\Cq;\M<`\\\xlX\%Jj\vꉐ\'.rEL\\\\OM\ZiW%[\?}(H\V\\\0\Wʤu\X\\C\!\\(Z\әN\@#TG-zhp\\2m\E!Q?\1\VF̮HYu^\$I}&[<\/n\n\\$`%F?\RMVb:\]\A\r`zōƺn\&Ŵ/?g[j\R\+\"\d^9j*\iku\\G3bI\+s\$,p\\0C\WWC5ط\M\\ĒN\\ZUX<\N\0{\\\\\\תx08+\>U\8\\"\\Qz1\S\\\+:4\,Op\\u5\\\v\W\UM_ {\\>֋\\!U/\8\\M5v}t\n))O\\\%%LE\//uC	I1\r߻B+*,rep\;\|JTgk\r@Rq\K\vt\wyG\T5\~\Ąn\\\\V.$p\ QG\y\\ᶡEP1ܱ\\ì\$o\\\VΛB\j\\Tt7+\\C\n)ӅnYn/-Z^\\M\]\e\A\ZD,\riK\h\t\\{7?\e$ \\0QywT1PF<\\볘\5FJgN\\j\\\{\>ڀ\\\\t23ȴr\ZB$%\;N9e>ǉFt_O\\e6yt:YDv\nr\F񷦃\8!0\rx&(!TH\E\<\"\j1\l.%P\L\9(l\	MV\\%q\"\rTO(\\QZ\\%݅H\R%M!\<Ȩ蔨>f\2~\OYCIa\ʙErd=\\\\& \\gfkY\\\֫\)+\YW/\'趬-Alպ_C\\e\S؞f\\\%THB\\\\\+\u\\d\Z\1\)~\U\\c\zύ\:#I5\Jh\ib\x^,K%\^)\5G\!SB]o$~*=\0\z\L~\Η\ȻzV\Q\n\֒\\*+9\Ȅ?\E=$&\\r2\^$,*Z[t\\]K<?\R\\\\,>6ޏ\\jT\Yn7vi$\!\%\\\r\GD̜\$Il\j}AHɣ\\0\\5;\r)}\Jr\\~#\g\G*Z&\wcF%\\\TQ\\md3\\{:Gr\n)\RI$\^l\Z\R\Vr\\xHerh{E%\ikycjtErP\7_mz>z)&\\\\\W.OFtk6YDr:p]\q\0x\N\,v,fbęcI,%\\u	\%D\r\u\\r\T\\"M#\a\0\F\/\'\\n(`\\bK\r;v\ӷW\4*\K,~\^U$3\I\"y\\ȿ\\QD\{r>5iyiTF9\\H>\1\ c\\y+~\ӕjPi$:J\B-\C\\\U\j.4#QU2vт.\\t\y\\\e\'6M*\\t\xA\\7\7MR 2\>j\\h\/Yi݄);R\x\[aq\8j˖\Qmm\O<I&i$\Ǫ\/\0bY!^8}Jy l!\_.P\4\\0G\"b\a\R\Sp\o+oʋ\`	k^)\rQْ]}\\ky&\x{U݉F\0G\#̫$r\\u]v\\\Ug̒\\\\\\O\E0f	$\\Ϋ\\\\z\-	\M\4¹,:\z]^WPQrF`d\PD3Hh$RWL\r Z\I`@\gӪ{Qmr\kzɼ\K\\\d4\\rJEa\e\0`\7\x\@\\5TT\"\ZM[\!\0rH	\Wc\-l\ښ㦫3f:fMwKh~|(.\f7ti*|\H;1,\FV\k8\8Tp\Q\\9\j>ZeaE)W\1_b\\$\Z\}5gK.=unB+J\\\\r\J\I6j\\T\!\ݘټBە\\\\rb?0nƉ\Pl>JG\,\\\|[/9a\\LE1F) ^]Fuvz²1Je\3%W(\v\s\j\d%\\謻\\.\0~y3fY\\	W4-\$\ì;\	Er\j$z:\\E\bT\,+m\\0\`\}\'vͭjH\p1IAKK,r\nߢ\;\h׎\\0\f\rJ\\\RZ܏pН9H>q\^۵	\3,5.,\\ch).\rQh\\*\UB??Ep\\CTD~>\J\\\Z\lD\\\+\\\T}nL%\n\_8z*$?>jJ*#꺳\y\*\\uVp\z\D\ٿ, HJ\E=\\Λ͕S\\Q%t\Y\/h	/\xu\몘Wi\\Pų\YP$HL>ji\\:ټUf\~\\t?Uo(ͫ5\\].q\ˢ\K|T\\\Մ̀\"nkP]\\E\q$r!\n6+)[u\f\"\\\\s\P8~\\RcB,L\\I\\WAlݐ\@\V@\Ⱥ)*0/u\ \\'\jcDR\rnI,M\/R4ç\#}\Մ;=I-\0\!\P\\A\gR\N\EThF9\\U\\{UW\q(F(k5EaF4hu\5rhX\\ͼx\\r\#\0ML]\Ve*\\ryc\*h##2\K\\r30\X\X\w\ת1K\A\A\?\^\Ǵ|;o\6\fFx\|SL}U\<\i\\b/GQ\\k\oS\\u\\\JU&D\gZg\3C/.%5\Z\90@	=$\q@(\\YŬ(p7\n| \\gU\j#Ԛi(6.\\/\r\߸\[2r:\n^:K\ \\&J2\Jn~\Zkz5UuW5I2\*`rF\ \r\!&\\$\FK?\J)~U!$Q=g\n=^\Z{ L\p\T\\0]&\\(\ {\\6(&\'UGF\$?l4e\\>o\Zc\#K\	eUܡ\պy2\0\\v\2?\BΎpm<O\_\\)3.\)\\\ɊёccX\\\ݱ\`\0~\, uV\\/K41\\"I@\\Tk,1\,a7Q|\\Ȗ{tN\.Jsp\S\,D<-9$$ӔjGLa$\\kϬլ\EZ\db\sŒ8!im\F\\B\1Q?p\u\Rz\%L\	vRᷔ\e˟\0ˉkUky5D驆\H܍\j\\l.%\3\J\nF\"F==T&ٰ$l\\\\\rk%\|&y9\Ai2FmY)C\b\2ߗqvU\Z\\*Q늈\`\\\~=(_\Q\\\!\3aJUǛ,K\2[fvڗl\kd$\۵r\ \/\ߘ\U\"=8ms\$SYR \Z]\~\~۴\ܽ-\\$\FM1\JH	Q,3.\ \\T\mmT\\^Cq?dk\\h|\d䤕bxJB]5e\˘[M\w\֏	\\K>\\\\\U\ƙ\\hy\\\\\9\1q,\\\I	I\I\<[m\nټ\a.^\\g,曈$ \v]\\ZW3wϚqdM\P(`}TPt=\&&MPi6\b㼡G\Z\\0\%	C\L\C\\r)\n\f\^AI[\]\?+\/6\/q.?cl\6O\Qq6rțَxt\L\;閗Vi{\\\쳣]dx%!$\0\r!r\\\RSS\E\;WIF\\\eYJ\\\)\\tKBf,f`\pH	R\2?6֍	kD}y2ȓG\RS~>\Z9UD]\=G\7\9@\|lJ<\$\r\\	:n\$!t)g&\c\)\)F\\~\]Eu,\a\\o\Vfn\Osk9qq[\\\НKUKT~*D*\<H~|7\_˛rn[kH#\"	9`yen\pld]BC\\\7R\\'\&8\\0rj\\\<8kэ9?\nZ]\\\\no.Hܘ\\q\\m*\\\7\-\\\I3H>\\Y\\U\-$\vqa\Z\ڶ\\@3<\Z\ܹ\0+ۭ\\<A\0\U,	V{t\\\-\H\X\\Wytt\\HTS\r8V\0*v\L\\\KJR\\rYQHzpo,zƈ޺6(\\\\cH\D@	\)`2*b\Nފ\+8\\@\\VR\m\\4mi\&\Eʫ$Ɇ\o\2\ȫ\^y\j\\Fڷmyx\)\\\!\nQ\K:E3;5K= HeW3jtAAQ#\\_xX\:Pl\&Ctl\/\\,:\\\\P\19yFQo\\JA6\VrQ\|uU3\"=qH~O\n\\Wy\n*\d߶\#\\\\#\BAh\n\c\Fϕxϻ-R.зDN%\UQKQ \\E\\Y\t\m\OTP,\0\\'N@3	\"ႮKR\D5a]\J@TH	cX\O\\w,b-\׉e[^\0-\\S]\\\})p	>!}\\KF1\\\\\"£Uڶ$]9B?U\\ \\w\\\IKy+\H*\r1=5\X\\\0\\\\jI\\]\[GDG\/AUt+1R	yXg\\t\N&\#\ɪ\Zx#xH\I4\%d8a\Ix|QM@J\iLDf\;#[fM(FH\&\_k\>\1\bႊ$G\oҸx\\fJ\ \\ia\^n\n\\\\#%U%\v\M\\zʪa	\2\_5E\n@&e\D\\p\?sI s\\\\"Ɓ\Ǽpib\HT\\T)p\\7\Z\@R\\rJ%\\\\7R\x7\t\\T\\"\\)\"T5U\ݼ*.\?HH\)\0\0&M&I\5ŉB8\G\)*ۉ(\%\ŧ7_t~恵g\\_00I\m̽$3rI*h\ʤ礙FT\Qnp}um\mPr֎&f\M.8~϶E\\*G%<5qziK?w\<U2\y\0\]#\C\,@1\}:\0wە\"Z\b\Ӊh1Y\0\\\\\Z\\T[\I\\X\0,\%WJMfR\\5؛5Ʌ\r2\/IS4X6L3\PG?j@A}\3<\f[\K\E?Eud֊rCݻ\k\<=\\{,)F>%h#\N׈X\\ \\O+N\N[^ \\\n\\{\\p>P\'\id\0\U\3#)q-\\\}\R9\!\"E\R\n:\A:-\x\|r\4vҤY<M5\&b+D⁐Qu\!\\ÈuW鋮|9fI\TF=^q!\9s\<uu\\6i!\0J%\{P\\weY혫%a\\\\S.\GzSnH0\Z\0r;k\u|T\<%J\n\\Yz:QU,(D~QE4s.\\rQP\\\'\\[1Y	i+\O&\8f-2\0 5E饔D$ZYm\:Q\:\"\\\	pR\\\\ʦ>-\\\^fo0D\r\P}@\\\G5\\0uJ\MB`n[<j*\&=\TN.\\%8M\\C\0w\0\6Kytö\Q.g\0)o\b\n\G-\\\\G\d\Um4ˊH\\\}\\h\G\3s-CX_R\\\\#m/*\"؉ӌ>\"\*,.&\'\kk\#w	㺍\\TS\D2f\Hl\\n\q8q:͗a\Q6d|qۊ\Ǧ\0+AT\\r%Cmy\y|f\\\/\5\E%r$G\\r\4!\fP.\\W|y\\bߢu\ە\܃\##UG7\QFXWUu`	9\"<v5A:f`u\l|d_\F(q-\n\yU{>\В\S5\s\Yz%\3\\tIDq\Z\\\ÄÍQo&A9h\5\D&\\rt)\\LbdYC{\]!\?51\\\_573Ax\Z\5u$Ϛ\Wn\]c\5kǑz\Z\]\n dS=Æ:p~\5!3\\)h\0E\r<6icN\(\i \\)W򒬾Pf\d\\"՘@3U\"HlZ	e\9\ʓa(\A|1\%\'\:	\D\f\\\\~`\󗶕!%a~Jg\n\I\\p\x\5&\Wm_\1\\\\$\Hc`O\\][D\0O>\f2dKĤK<D\	\^AݰY\\[\\j\\h(\]d\ފZM,\$*\\r\\r\+\\(\D\yUUs\\\|\P\|oMmb]\\\VkN\S= \\?.B=4+)n0UKE\Z\K/W)\+\"^3\1\\0}\\v_.\\%tCE\\ȴ\\$\<qK\S8\ڮ\nz8\@Kúǧ\eJUڭL@U\<T=T\\A\5\@\H\\"\\\Ɲ\n\\\0A^cV\\/q\༊\ʗk\\m\\"1\ZnDy\٤\Z][\WPq(\~\\@K\b\\0 \k\qPt\?\Wԩ\3rj@tL]d\))m\\\q\D\\h	~3\\u4daۼx\"qWhh\Q\3r\dT\C͕UU*\\.>r\Ƞ\uKoUy$#Qxz`i.qZy\\m\	j\.\5M8U\1p*\X%Pc\^3*\=wNh\\/Yw+=KnK\Y~\t\\mDD!/bX\\\W|+_nh,\A5@D0\\W߳-\L\<<h\mQ}}5?r\\CpjI\\-\8\\M\fdvSϝ@$g\jb8㈈Wwr4W\Q\ĳ\S\Mw\\*\\5G\ E\\(p`\*M\\=#j\G\jg\4t\[\2\\v\%5K½Cz/\DY\Z\]5\\"\uy2\\_3\\˾\Hɲ\\\\\MVWId\wW\Lb\4p\P\\xn5woݴy\S\}txA\9\S,K\H	fW<6g}4\5ur\2\\IdF\(D\">\\ZM@\\IZIG\\M\yYc\\Hj\0\nc\\T,ã&[D=\u,\c\%塷X8S\<\D\\\OIXdþM\6\<G~H\\fu\n\`\%\0I}3\U/9T\3p\\rr5~\=\0u@\\<S\Fp\^<\I\V˸@R\W={~)\NKpY\\O\3h\%Ŋ2ci\\:\\UX\Zo\\_\t\\Q\"ձ\QKo\Vf\\M^T_ <~JQW.&\rQ]4om\\\\Y:=hɼbf\U\\TU/\\RL\mj\FX(\\'*Kf$̔\jym\B\"\\"Jƈg.\xAM\B]\\gZ3\*\6L	Q<0*Z\;	\n\O`J\\UE\r\϶D\\K,F)yjB(\},H:+Cgc5T\ӂTM@\:ċµ\6\Q8n$UY.vtH\\>{)\\\\0K\\WY\\\Z1+*\0\ܫp\"8ӡT[[pg\tD]D9\ݍt+vӌ\*[+m?c\5jwD\j\{ķ}u5\ZF|H(\ӆ\s\z?;rԿ\u\+\@c)\$\uU?\\V\\\\2Gn5K\\O\߅]b-Ty\'Yy)\}\\뮓؍{\E\"\;\0\<\\rJ0#A#\r0q\-\\\\uU>Ŀ\\OeYL\\zKD׻˖\⪭\\C\o\+\\\\`Դ\\\Z[5L}5-]3x\uE$UK~;s\{\r\~`\|}\r<b\\"\d\P\"K`l\AQc^e\\&/Xoo5@Zj\fxf\ƣx8\(RI?|(q\z\\qB\;DY^k\.|PT\fGqᨹK\xW\3ў\|G#\\1\P\wSؿ\X\"\Z:\\>lq\\?.\-\\\"oa\cm\UUx{\Z\:Ƚ{_3/\ȁUɡ$9# ة|R\\ф\LL*\[{ɱd\dA\\\E\\\\\l[>I\"WP;1$ӉUیmfzKɂi\\n2<.	7ø|\"Bye\Y;p\؛\TTa6\YF\\\PI \2\"=\z\\\!TżQ\Z9/א>,:z\~j쒋q\'\r\\Adj AӴB\J\vH\n7~\-\\\ۜE&\\"\\\\\n8\0\\@]h$\B[wt\C;/\DP\i᤯h\|:\\\nIy*NE\\`\\\X|8?h\\'\w2\(\0O\HO5W$\\2Ƿ\SV\Z)nLĺ*\5\~\"\+u\I{\ٸ$A\\ӫ4Xt\F\r]2j䱷|\\Z\I\SRX\C\M`Q	4$nm,\Ԥ\\\\bp\0\-U@9\'\rVpbw5 \\×Rĳڨ\\\\\ZH+đBnI\Id\r-puH\\XHf\\Cƪ\0$=?UC\N\\\T\5[\auI\\Y\bbyqBj\\n\T㳶\6,U\F~A\FIk٩MYUCmE\ѷq5!\"\mH\I85\-5(,$\Zb|Ӥ\\"\\I\r\\r\n\1xY~x=U\Z:\\igB\4qF\\^C\?DI\C\ZF\n\\̄5q]ղ:\"RYiQ_x\xzPHQ=\\T:\=\Z\\>wR.Bn\T\,i:<<[1e6\u)\ݞ\\\ᐞ{i7\\Z)]r\\E\V\\\ɑaA`f!\\\<K!\2\Օ^*6\\Ccc\>\\*t\sK`;\\ʢ\8\0\\]8tv5\.\f8\MƲo!\j(|a<\iS\\%3K\\^P \\\tzql\0fcn\g$m \銩K>ߞ\#\'RVܢ*V\O%\5Q{<sn\nɵgKL\*B\,\.\¬\#\Z bOfEªbC\e\=k)y\\\g\{\(D$T\$\iUgc\K\/Ia\C\@qH:(_B\\0%T3\\Rh˸\Deq\\[\M\ͱq\$\\㘥m\\1`\r4	@\H3UiBr\\yF\}\ʴS\B\=\\w*e\Ɋ(\'X\/-(\\C\\\U	gZBB}\5\\\H\j\ZX\\O.fn\Z\K\"ϯ\\H\xm\\i_*Jq:\\$\V\" \\"=\o\<\wwi,|\=%]7\Q<E珛\P#\cyd&aO4T{/ᮛ琬`B\R#$\?f_p\=q/r7p#S$US\r\\i<\0\\0	\\\"TƇ\XJf@:֭D\ _\"\T⊀j0\Q$\o{pKn^\ZS:\\%1q\\C\\\:<\\Sߣ!/u\*̺rTvТ^En^Z\Zh\\9\\\ZZ\\\2%?{q\x\m\\zk\\*\/R\\;;ޏfK\Z\\\Jސʵ\\\9lw\n\\.*e%<\1\Ӹ\\\cMEͺ\\Zk,@\\A%/öv#\g\v[آ\\Z{\A\\0\C\0\\\\p0~\\I\.\Tom\r\++\⟘ո\r5z\\Nr\A#-CW]\\1@j\ɹ\\\3H5\v}#@\T^4H\@e+(\ߕ@\I+难_s.\0q\_x\ۈ\r)8!u.\\\\@}~Kv\а\A\K?)vQj\j\8\ӔYH\\nt%s\\\ߕn\\nK\"ܗ\PΣ\L\5{}9\Z\ZK:yO릱\\\?p\0(0U\,j\z.~,\\\\==G]xvf\O[\0UcePI31\>\\H3i򊁨\\LEu\3\=+31\Ev;q)\hF\|5ȋ<j:Ї\p\\\rU>\"\W/\@9\\\TWD]AS\K\\\?\V{t\ӆn\PH\T\zN`*^~%ij\@Iu\Z¹x\\;G\M_HԂrMSCvtM\G\I\c\{k\VRHcӝLE̳fOn>#\\\\ \\\Z\}_/-J\%z\)e]\\}j@F\\8E\\\\\"H\\\UA&}ijK(AĘz\9gM\\\\4KrI\T;L\$3\{K\K7\\f9\T\\n8\#\?5(\x\\FM\\\騗M\\ŧ\j?\\ ȱ\l\Z8}.WO\]2D\\\pWꡒ{=4j\릹b$xW\"G\0uf(D|\Q{\\n\4\-jj픠\ZcbU\ZЇs\\$#K\\O1|`$xYES\>sA)(J\FްտXSp~\Z[3\\\\\3\*O|\0b%Q\\2%\\\\\S\QƯ\\\iE\A\]55K5\Ο#>\\Lpԉd{9\D\\\L\\"68\-yw\T4.\RQ\<|\/\\\)$}eU\\\Y簏\駍Rx\\dV\Q\U9uP9y\\@\\5KEH\h\&%l\Ⱦz7\\Y\#X\<_$]$\\0\8\\\ܠ\j\GtU2\\![\\1\vjb\I1[\\OH\`cӺ\O.V\F(\r\\O\Z鹶n>ݑvRh\nDib]5\ jN\\Y-W\J\X#uP\,]\[\z\\\\:\AeDHO{k\Ħ\\weH\3\/5,0Kw\CE3 g\\\)vC\cnukHĀ<7x\r\2\10\t\R<G}J(jX\.p8\'\P\\\J5-\e\.\\WL\\.]:jX㑫q\:\"ُ,\?\wNAm,\4f\9\"F`\\\n\\"r\_vf\<<\\\v\e\q\\\}\\"$\ʢ\KV}\0nǤjj\zȢ魘a0N]]F]QIP۱H1\>Z\\#\3ϧ0t\{۝8p\ZI_OeBYl\5XGM\\?\B\$h\\f}\2ڳ\\\n5G4\\{vլ\u\mIP\uX\ +\\"\nq\ \\x\\P\\$%4\\B\K\QN\·]\"\Qf\\]/\(zIizِ\G\\\\\U؎9\p\2\ZY#= ՜1pI%vU{oG\Z\q\\	{L*T[k<L\\8#\\R \X\ph+WJ6u\xiu\\\0Է&|#\A\\"\\ \IEt\|O@-Ҋ\"\\\z\\LUݿ\;A\":؈tN\\,\-\	l\>z%+\\\Y\0\\4\B@\\\,DGI\<\\ZG<K1\룪9\\"1GnCMKsJX\jϏ\[HP61\,&O\U\1ޒ\\0\I\"U\<[-l\7Bʙ<I6\\q\0iD\\gD\\p\mr\G=)xUtK\>BJ\n\f\sH\$5R\pV\ꏐkd\P@\h+#-\,bȿ\oSҍ\\\3ݕ\|B\\\\1%H[;58yD1\n:Em*,V(w\\a\"\8	?\\\\R@\eQ\Sud\6U0Rt$N\V\\5|\ʁaq\\\\\Ak\5?>\jeN[$3l\rD:J(&=\I/\Z\<y\"n>dC\\EV\.jM\O0[D-\%S&96\@\.Mzّq\0\Wg\R9\Rixp\<G\n\?E\"aֱo3\\yi+\!W::Tɩ#\bbT\L\=\ybæ܊a\c\ꢪ\\teY\RD \\o}3.1\*g\\IOk\\C~\=QWH\\\}4bBa4QStϤ3\Ζ\'\ZEt\0\	,B.i5bZ1\\HN&\\!\SShEHd\K*R\x\A@0ؤ=Q\Uy1\\"=P\2,\\\\K\*==X4\x\\<mfd1U1Ysp\0[7YR\I%mO\\4\"\.\/⥈H@\mVz	#\{\\۹P]	>Y!P\.\h4j}(Ű\RL7mt&e8\\r\^QǊ\'\\"10Cy1ZTtEs*(\&%V\\<E/%=\҄\nd#E\~zLU\$@\# \\7t$H;\\\%Q\X\n<2\\0#\'Y\\L\\\ZÐam(/C\C\U\4hx\\/{3T;O\Zb#橑	\\R\\F\"G\1\\7M7r+ژu\2P\\0\\LA\Z_(G\θ\<-mL6+2ð\\Kbt\Jl<^\\t\"5O,75\x\n7ͳռw\*)\\: :F!\1\Zp\\&\#\\>`x\\%~_\5\Zy\@%UA͘\Xf{zzb\1ݤ]5۵lxy\R\$\ZDA!\Kyeno\h\u6\\\\\˫\n\rp|k\zu\Cq]5\\\0G\fC\v~b\\G\EF͓?7wW\'uF񚼁7|\\	%\xEEd8\,LK\y\q\F\\s\MqQ\12<o\Up]\\}TVƊ^\fkX\\g\~\b-\v;\\%h`BB]^\^MC\{N\`,ᚪ,پ*\\\".U@Y\"\#\շ\n\0c]\?hr\I\R[,\\ʓ[/\e\\Ĉwa\\%W>\">Z-XKy6Hո h\0\ME\bu\\_ZlWpԈ7.DŽt\\44H*@`iq\y\\\˚\eE]-(!\C\1$DD\W\r\=\շ\U\n1\Y1EЎN\"*E&&\0\Rjf\]\u\uLE\,{͌\\;g\0	C\Ά\\\O1\\}FTu\-`w9\\P}5᩠XuQ3\FHn\r!\0\G $\WBjQ\4Cx}\d5\h#÷\J\W8㾹\-p: K  	m\n\{\\\"@%\2T5\\p\\\\>ѯWteW\DC\Rd[G\\,B\Z\-Aq-\:A|O\Lx\[\\ojJ*<n\X,ǀ4$\=\p/\^!\im3\ޚfX[\\\c\ʏQ\\"8\=۱ʔn@d;6)\À\@)p\LE8*5HDŚ\\\6-0\#\ \"\SN]\Kl&\\0v*\5ʥ\\\37F1̒\\ vB\%\i\n{v\{1\\\\\'x7K4	ۀb\C\E^E>\"葤\\={-\gh \\\\	N($!㸸\0]n\0|ܢ\/M@f3QWHD5DOa(\T@1\S \rSĸ\\;T\ǇiTb,/\H3G \IcG`eӲ[3\\ZW\~\\>\L\y+Ҋc\" }U\*dB|\\0\j \V_\\S\'ܧ\\G\~@\rH\\`\o\NM1t%ĈʔEaDrn{hL$nىBH	1\jij\\$H\#w^t\ǹt\n\3\O[\".Q5\\ǈ(zK\r\r8\/;\\q \g\Z-\A\#\\\xqݎo\\TǇA!\,r\0\*@ɷڷĂ\jR5~f=d	Y|\|Ic\\lN(c\fy\0\0u&0E=\>\np,\Z\\.}Ѳ\H^67:Exz\T\ek\i\\Z^i2Y\p\"KSKx\\\"EW\r\W\\Mژ\'\O%\iO\\vӝD\\}\R\*6\\\Л&x*.|x\ݶ\I>#ǀNʰ\n$+Ȇ\-\ ́\d\\6\\2\Rx7K6h<\rqAi2\*A@h\θpǀ\H\(7U%\U\юE]\礚A\\"3\\A髫\\Q\V\lK>\dE\\ac\M\'IlY\Q\\i\\-2\"LM?\n\B_omn\"\s&db\t\IZx$nU#X6cT&\\g\\0-C;UEy:lg\=u\-p\\"DE婥#\p,\x9p\1!\\ql*\}\\\\(rlc\\QUU\1p\v=H\\"f\|iF\\05g\lH{ʑn\us\Z\\VȠ\xQ\0M4o\\Uky\\\'Ge\0`Vb\\\-;H&\/]:n\f\geMRT8pǈEt;j储P<sī\\\ĸ\\o\n[OW*\Q\\\\~;1y\\'IP\\T\:@\\rDU\ԔgmȚt\\"+j\<Yֿ\.Cg\\&\A2\UJ\WR%9\mnK\0u\Ԫ\\\\cǅ%Ÿ,\~ڊʼHR/\q0S\O\W\ɣÁb|rq\\-{ݝ;\)\\I$#q̧BA\\rzp\_ezO\','2025-12-20 13:40:37'),(19,'2025-005',_binary '\\\0JFIF\0\0\0\0\0\0\\0\0	\Z\Z(\"\Z%\"1\"%)+...383-7(-.+\n\n\n\r+& %-5/------/--+--+----------------------------------\0\0\"\0\\0\0\0\0\0\0\0\0\0\0\0\0\0\0\0\\0D\0\0\0\0!1AQaq\"2\B\\#Rb\r\C3S4s\\\\0\0\0\0\0\0\0\0\0\0\0\0\0\0\\02\0\0\0\0\0\0\0\0!1AQ\"2#aq\\\BRSr\\0\0\0?\0.xF\Z)\\),8S(xOQo\"\"Ee3&X\n\XV^\y&gqcqO*C\\[%:eC`nyB,6S0L(Δ\\\ZIkpd\+Zf*XI\N\jtx\R\f\'!\\b\\\n\\\n\0hl92$ȕw\BC|>\,)!Uؗ\U\utޑh\92f\3wo\)\ni\\uj\eG2\	rAkÙ$\Y,>ي\M\0]\\\'JJ\0@\Zpʐb%`\\N&w ;_ݡve\\Rb΁ii\0 p?8MS`U\?HJ 0Mf\f\Q.Q\s%5\\*Nzm\0\+o\\"95mU8\X>MDx\"\\0vdFat<\ьC[N\[\\\	},wp\pI5!#r\	:S@恇:\=nB\m\\R˅jOG#\\nd\\n> \\NɠU\	R\Zn\an`J\\\0-JѨ\F\\0G\\nQ!sd\&\6[,\ޖ1^ARk(e7\c\>l\CXpS\*k\\\\+X\5hmĂ#\V\Z\G?\0l,\\n	UF\Jh4C2z\JU\S\\M$b\	=\,\\\\\(\\[\(k\aQ\\D\-i[9T\ߔf\{@J\[֡Z-f\ \$X\&\nz16+x4\\'dJw\(Qm⹗\HcOŸ\J\0\$v 6fJvdc\&\r\WN}#:Sr\\haN\yGsh	!L\G@c\\Rl5`\np狏ajsV6\Y}\:G\\`\\"V2@m\\\\\%\f\\\0tw3R\\a@q/\23\'\\R\0\'\q 򗽺\%\R\]\㱅NQ\M\\\zycG\\\\1.\kΤն\AZ$	 \\bҔ\nC\n\Wˬ6\t\K\S=\ް\F\r\f	U56\\,\ Q\]މ\:nY\\Djp\0J\\U\\24 齏\n\0̀&USȋ18\\0\\ѼQT\I+6\\q\C9BxYe+!\Ɍ\\,q_\/cKҬR̤D\\[\Ru\\ h\\TEVk0j@\\L\Ku?7zċ1$)!3\LkH\,N¿HE#P\cB~\\\KGBnOqu+ehl6-\h~4\nU\\bZ\®b\0p	\h\46,\\bX\R6\n+\.3}TU8y\4\L4yQ(%\G\-\\(t\F\)ͼ*87RNF\\\q\c}\aX\F8\׀Ն3957%~\nP~o\U\%H	s\\5#bXk dBRGϬ7?\= Ƃ\\\k:1\<G\:Qd^UNu\,iP֡AnT	/P(+y\֨]J@:r\>Q2,\\|\$ȥ\]E,8)D%ޏ\Z(2樳|#ztcRC\@spѬ\43Y2HHk5ox\\\&\rߴdqUA\58}\#/3@w\\\r\\Qf-V\W\f\«XKÒXS~q\t\E>\Z(\C1\\\(hV\_\0\n\0B\\0r/^ÙEcu7X4JOp&*b\̭0fԝ*\"¥\U\\'){oq*Q\0p.x\0EGǅҕq\0\\ɚn\G\0\+\\~\"-W?\ PK\QFף]\\0\\n\W\\&\0v\Z\\0\\L6xN)eAߋL)C\l\p\U\\AQ=`\7\\\0|f#WRKssa\r\`S\Zס\Ȣy̕\TC\0(\?\GqP\\1Sx\\\\FO\\.{\0\0Tيac\*^\\\煸=\_Hs\\\Zc&sr\ሠ\0XNl8ƭ\n\_b- 8\nJ~/*\\\\Z{;&Gp\"\4w6U@\A	Jw.\iMgp\0\o$I,ج/H\"v\>GRd\n=O_\!\L*\\k7q\\(\W\\dA\"^\\r\d\0i8ԅx\-D\v#)xP\\\"[(\:\'S`$F3CfI_$%7	\0\$ǠUɡ<x[h\\!SXu\"\f\0\7{\z\#Bt)ȡ%\W\$x\\\P\9\\x<9!f\d\ \\D$\\ozrP1\\\ \7\9\'\h\\4R1B%	H\\C\=^\nvNqҬ\l\\ѽa \ZPܹ\뷨(kbś\\Nq(VѤL\"l\`9\H\ZϗGz\\\]\\0\\Ş\rZF5\"X\0i\0\~\\"up\fq,*$\Af\\r\4mwF\ jH(\\J\%AFc֯\\\\\Ú\r%fLĔ\rIaϏ\4S}\F\0 \EX/\QAZU6\d+{e\\t\A\"\\\2\0ɔBAQ PJk\D\"W\e\yQ\\\\\\6,Y:R\Z]4,\f\Z!`\'a^q,)I4\\E\rA \\&\4\_\;\kAn.\rJ\]\\'\\'m\s\H\"梾\\ZJ\\\'P+\n\[w4\\\\Jj\\ZmT\\\ U^mF\\\rL!Eɡ嶂\\oh=\\v%Ǡ~5RV\\\n0\\[*HsZ\iPGNּ	;\n+V\C=^oaRA!!LW\\S?#\Y<O־D`\0)~\,?\WD\\\'\`\\EG]ODxE\y\0N\`\a\Iӣ0rɨI,\]?.ORB#\* (\0l7x,$Qޣn\;品r[0\(uس\wx\[ch\Ihc\0@`hJTjp\\ZRy7\G\=.܋R\gj&Y\\7\O\ʴ\BL\\` J\ypx\\.%>\"\ 0ź\q\\"\g\\\dK\02\0\0\lA=#g\"BJ$AmJkjyN\XᤨW\Q#\`W\>f:-\\]:\c\)Fa! \ܞH)گ\\rp\p\\*\Qbw9*$\ݹAFM\\'2˳zA\fk\EZX\=ad\EDY\Iz\D	:E)\ZE`\s\$ļ3 I,%\AO\<!\\d/0\|\\\\o\\Z)	\ٚC\"w=52\IaM͟\\H \ի\\:\\\)7P y@nhJT\\\\(\'u\c\\:\.K2R=i`T9)\ާ\\"\Q\U¡5R\?a\,\`\S* ռ#p=\OLR\<\H\R0\n\0\\dJHj1\J߄d!e䘵	d#e<\\nX\'k5ߔ0\\)`}\\rN\n@> >\FURgwQ6x\\\\\"\0\ZT@\\'s\\d\	\	/\,\r+h;*\qUJQ.\h~[\c&sʆ.\8!\E;\\y2B+T{\U\:AQ\\U\N\f!SY4\a2	6J\\>!c\\s	F)I\"NkvDN8\n\xeCtU\|\\ <i{}b\U-URi%J4g\Ht#C\q{xL\\x\":_2>ᄜc\n\ZM\LC\}\%i\,!PrK\\)id-i%bkd\t\7T\C:RH(\f7\oD7[\A⏗Ef\r:sfc\n\ \\Px3\\??/\\Z\\'n[\G\ZD3f%P/5RҜhm\9Y%ꂔ\i<p\\0\Ŕ)\څXkJ9\4C\0`	+^;E^\\JGI8ի\\\nK\&\=ne![K\]jm\7\8O@\OB\8Ai2\G\\\"&\DG@$i+\\_\F\nrQ$R%`\r)Q\0}c^+lȳy~rL\@\\ZK\-Lj\\gk,Z2X\Lb\(\A3\0N\4L-%%\\{~A\\\A\(!ֈ\=\^(4\0a\\\B7\\NZn\0/\\>sPI\"\aK\Erf%0\"q\z\m~\ex\k,@R\\\"`bʚt\M(K\\n\c0a2\\\\\\'\-&[\0t)j`\BHq\I\\0?\z=0گIZob\y\H.489\\`3\0p*\\\ݒbe3\\0r\)\\\\Rg\r\\jbޔAk\5\\0\v\1*{9J@nQP\*%2Kй,v:\"\\w\0RbT]\\=\3ÝjRJUAmCo\\'N\\\4\)w\\\\0,\\\^z\	jA𨃽_(\nv좠)q\ ~f7\^8.\\\XR\\ Ff@F)\'\du(\0{\\0\K\(V\\\nC~؅KLQI-ޅ`\\'ĕtQu7\0I[\h/N@	\'\\n%\?\\I\Z+\\]c\%\IPp*\bA}I¤$ä\\r\BL6\4%&-k窝L6\\T\r߀#w11\n\\,yiW\}\\];]\T\r\\\b,L\T\X27\|Z79R].^iBM8-tf\N\\FV*1.\.	N\\0\\\\ʦ\D\\w\0\7FNwOF82I#I\Z\r\mQOH\L	R\\\Dc+:\\Twd\\.Η	?\}n\"\ِҒApb^\`H\n\\A\'\&\ \J@\\4x\]\\;ݫ\|\\kGI\\wfq:QIbĝ\7}O)}?\\nSe(A\\]~_\1	\\c\DR|]\)a(%\'\b\2\1\To@g\\\1O\\J?B\*\R\\\@P`r\Xd\4\	\J;\ԀPU\\Oh7MjpP)\\ws\::,}n\\\	8yKV\R*C\r^0(fbW8\ *\@\0A\dݟ*R\?vAgp\Yr\HJRiRXFW~f%)|\\CP\\$\\:Tip\\Z\rB:\k¹X\^8Aҕ\0@iS]\b%T%+\\0*_јCZ$\r$`[/\iRT.,Y\\Oz\rᨡ\$\RHIJt]D\n\nU4Ɂ@\\4\0.I\\\" \\"Ie\-N.>\\\'V!Z42RM!a\\\IPb\0pXHWlF\\>Oy\\KꢚB4R\A 1e\P\0+\oF\*ƴ.CB&\Zd\PM\	\b\\,x\r/\)RW\v`,UET\9\ʴj+JH@M\\6>\\\ZB\=	\f15fP\"\0\1\ٌyAY,Đ.a!q[	6\=/\\'M\e%\"\\ȡ\\Z\\I6\\\/APPcS\j76V\Zu\\.\vK\95\Yq	w\'\'ooxP_Ǵ\R\	GCHr@j\;\M\LZV@	a\x\	\9\\n͘MK7\s\5-ZpmfKc>9dՖ4\41w 3YGc<69_OBܵ\\\\e\\\\RԊ`FPsuuC\\\\0cݱ	%\7<#\qJ\*O\qO\\\\?\\1*\\\<\"[RC\18?Jʔ\\\pW\,z0\fVf\\.tc\0h5! \\\.eh\uæ-\hJ12V\0o\h\JP([\|*\U8\Z\,*TO>vt\nnE\yDcLH4\.Va;ꡯw;QK\H	\5%I\*>߬1d\\\\W\\-\`%>&k\\to[\\nz0Vvbo\\\\<L9_\\Z\G\nJHJ\@B\.\0[~!ֆ4)̿G	ƃa\[e\ZC5\\nUi@!A.7\bY\#U2Iޢ\\n\\\<ԟ\IJ\\FH!\X\\\\0x*PU1\0b(JGB\f\\S.Z\.J	rKY\<iQT\b\Z#7u*O\I\Z:F\nI>U\n\?\R,E\ph\)s5\Pry\{ǘv\\\(ۙ;!\Z\\x@prcGx)!(ӷ\?H`Wp)e?07\h\0v\QsfJ\0,CQ\X\O\\_!!A\\0P$\j\B{LB\K%ڐw\s	$\JKyv\n\= LZqL\I\!e]\.\0U\6q\;\\\\\:?\p2b\Y~\T\0\'q\.x+*?\+1\VV\\Ɨ!f)JJ\D( \0HS(\\Stꞔ.o\p3\ Cr\\"fpIEQ\\Y\d&\\\\'HB\ʋY\.%_\|D)gEQ_/Pө5(A6I\\\MP\+ĤNSYX\\d\5hd\yp<	JOZR\\\5M	\y\ǉUe\DIȤ\\\׬v2yb^1\qԠ4\\Z\]Gg\\\"\,\05%\ic\\\q\h\\9A@gԍInŒb!A8\Ԉ\(A\@8j^Ǔ\\\(سب\xa;6ItG\\Zr%>\<*Nsq3 \'JV\Zo/H/,e\xC`]\\9\"г:R\e,Rbx\-@MBA֧X0I\\"\\doɉ\Kքq\y\5b\	\,dsFQ\Z\n=\rbڙG\\'\۷l\\n\R+Q\0$\\P\\c]R\%,U*e-Ĺ\Ԥ\\&j\t%G\jj|\\0>\\0\rCh	2\\\痧#\X\"Arad\lJ\R\RA\=ediҖGHJB\\IPB\-Jo\ZKP۞OL1\q\E#\|VS(ۖ\<\\'T\JK\Ae@qq\\\#1MbS\Ur1FY%4`y\3\2I\ؗ\\Wk7\0\\\0IB&\.\=xą7\\r^a\|\\\)(QեEF@1%\\ϗ,\R8|Xz\ZRg#$ŇJ$\0BK\ٺ\0)	Ŕ\\\\\\eeJI$3V\\h\M\'e ÔJE\DW\0&~\\z7AidE\iQ\ة2\\ʱ\\+_=Lu\":852}ph\o^\|5\ULZoΟX`j\VdI\!ʐ\e\xt\n\2@b\)$Q_\\;\ojp-4I¨g亟\'9<-T&U~q\ngcr\2\r\N{\\\\)\nPm.h9TE0ɇ~ȒMC\0S>Bǫ%s$)2P\*A\0\ecA\0\6d\TĔT\47\W\\M\SQ\A.͘pʙ1JYT\U1H\!\b\"\\\\\vzM\)sK\㾗\ZX\\Q\\Ľ|պZ\r\\\\]\\;QS8M	r)z\Zuف\l줚%\\\\jYR)0Wddl!A\t\E\r\(\079Jgf\*	\\\\P	jFGb?\|\?1;L=\\'\O̴?@v3dCLx.\M޾\r\,Jîd\6uµhQ\=ܒi⾑~W+#\䌛\\$\#Q$\?t?c\;7O	 wme\[{\\\@	,RZ\#:2\>)j\\n\nfv`>\\ش79\a\\\ڑ\݉`$\\|̥fw>Q^\cSlKKĂ\CÏ.Ey[\nqQtTG־q\\amSK\UojBr^!\h~!	\JK;co\E)J\\?X\\< aǙ#kBIX*\~rɩf;\'k\3zTs\p\\\\r)^\U7\\0%\N\\]\D\s\0kT!xL\S)\x,6p -RʔA`َC\w}ݭ2(j} WQ,C\W\\\\K*!DAA=\\\\n]@S\Hq\GJ&\\a\\"NVN4(\\\Olq\\R֑BP\r,Ds6An\"\Ax}\Z9\4\ZXJ\0\)qmc\J[S݋)gT\\ K\')E 4I7\\\\R\UR\/ź\\ZU#Jf!\!E֠Q\-X<\jMN7o~)\\\Ƙ\$\\\\*)EitA\);B\U5\'NA$\\A\0Pr%\Y\sI:\0Jk\7\]\DYV\:%(\0<Kx/*DԒt;+nrӫi\\~frBҢj\MS[\{R䔂cQG4\x98\\fKP$\\r\z\\'*\-iĨj%\Mo{4\\\uE1\\b\1r\JfH\\\\f`V\\\Z\SW0\ՙ\ F\\>R\BUqx\61\±9\n\{,n2#bPW6bt%\O;yN\`\\A?	\~|GFY2I77j*by\\\B9J	+B&Mb\\\\Qhʻ)!3I,ľ\h\'\"e) _R\\m.D\W\\\@\\2$\7\\f\*`E\,\%\"jv}M\]\\\\Rd.[Vn\\3\\Z_d0\L J\˕,\\\\f\Ô\RR\4z5tǘ!(\(Xh\Ϥr,m\ή\Q\*\Bɟ+ %X% |\\\d&H\%\*\0IE\^_lũ\0\\\\\\2\!e$T^\U\'HG#?B3eԁ$;Rj.-\r\\0(T\<\	d\\˃E\p\\0v()r:\\r\\'\-\nP)jJJP$53\\܄\0\\0sO\\%KQ\H\\kU\\$\ԗ\Ţ\fjT\s\3b\\\=\r#\(iRTObA+^/蛌\PF\P\lrj$\j\̬dViP~0\2b\d04I\Z\\rh\'\\ʖ\\Z\\R\\\:\^-%D	b9\N\з\N\2\*`N}\7{\Xir\⺮a|\$)S\'M% \\\\D\h8\0\֎a*&ןUov\T\&Z%\+i\;4z\g6`Wx\0\\÷s>\\\n\s\X\5N\+Z[䲙\nQm\\\~R$\w\[hVT!\n\7%\\ƴ1\'!\Zج\\\\0\\Km\\\VKcR\Pgp1\я\e\\rV>V:5\?\8\H%\OCw[\jM.\\lr\\:\|F?5\\X\nRBH\\\"<\`%)mM\\\L\>\1\\\.\0\U| 8ĂD\s5?\\:6Th+[KP=\M<Gô-\\jsn?A/R\\\\\U\_Q\JW/FQmBڇn\\4$jSPL\@X,04\\ju)r%\"y%V=(yAj-\-)x|P\0K^\9\\hJKn\\5\\7BBm\\q\!\C_\\W\TݔI)*@Z\N\\NUL\S@g\G\\!\\JPP\6K\scҒ\'RB\,\nPPY1H\0J[T\/jGae(0%!܂}#\\\2Cn\\\\\1eIMŵ\/MA\9n0!U2ӿn22DٲƕK_&\2\ne:k\\,8	\>\(<2\EB@Z-y4uII&\~\Ea\\H*?\rB\-8ɭ\n=j\nۙ0sęfb\Y\z}\c&q\r@>\\\RX5S\hKWuEc\\'%\"\h\q}\\*\3KE\0jkea\&YЁk\n9i\\\N\}Er\\\\ZK\\'aY\k2O\\E\Z~6ID\0\n~3(),P\_s\:Z\<(\\AE_(=Z\n⡫KWj\\q8QBa>\0\#~a\TҡO\o;\ESM\r,sm\=8\[B\\YL	|ZkSפE>f	K\\\\rFgZCAR>9D=U_۟\gZ@^(,閒\Lrܓ\h$L\\srhA<>53R\n%\K)\pd\\[(|^Yji/\I\XAޥEmm\a0sU`(\<Y*\OV\\A\'\'X\6z\\ˤ4\\ɍB\R\\\U\+{\.QR\6\wb5!+duF\RlF5`U([c<!\\Z\\-ް\%ax\v \IIOv_Y4=52\$Y^6\\\\\5($Ɩf݄)\\$.\(HzB|P~٠\\_1 w$`;\=\:G\&c j1b\keMHFW\(̶G(\\z\Et\f}QD\\:@:]U.\83	\Ék\ڸ\x\\\\zlx\E\\e\\0LR])\'\\yi\.ƏFF@;\')9+\)$<\\&dZYv\\\bwsD8\M/J\\Z,K+\\0R\m\?CgsfE	ҔFܝ\!\_̙!zؐ\~ \\Z5\_zuKGl\'ŔA5tƖk<\76c\Y5\\_\"\\+\6[33Q&T\ĹD\\jZ8\dqu),\K\|[\z\OX\31؆!ːn#2ctҴؘ\\\\\ї8\2l(QNxb\beʐADU\nx\ȗ\\%\Wn)\\FC;\n\&jr\zR\˧-R\\*\nI\p\˝\2\P:\Շceq\\yJ,)z\j\ёџ,\\\\,pr:\H+2\*7\,\\ZзH\E1h\\\\9FJiE>Kg3\á\8|##!e9[\\*\','2025-12-20 13:40:44');
/*!40000 ALTER TABLE `studentimages` ENABLE KEYS */;
UNLOCK TABLES;

--
-- Table structure for table `televerification`
--

DROP TABLE IF EXISTS `televerification`;
/*!40101 SET @saved_cs_client     = @@character_set_client */;
/*!50503 SET character_set_client = utf8mb4 */;
CREATE TABLE `televerification` (
  `teleId` int NOT NULL AUTO_INCREMENT,
  `studentId` varchar(50) DEFAULT NULL,
  `volunteerId` varchar(50) DEFAULT NULL,
  `comments` text,
  `status` varchar(50) DEFAULT NULL,
  `verificationDate` date DEFAULT NULL,
  PRIMARY KEY (`teleId`),
  KEY `studentId` (`studentId`),
  KEY `volunteerId` (`volunteerId`),
  CONSTRAINT `televerification_ibfk_1` FOREIGN KEY (`studentId`) REFERENCES `student` (`studentId`) ON DELETE CASCADE,
  CONSTRAINT `televerification_ibfk_2` FOREIGN KEY (`volunteerId`) REFERENCES `volunteer` (`volunteerId`) ON DELETE SET NULL
) ENGINE=InnoDB AUTO_INCREMENT=12 DEFAULT CHARSET=utf8mb4 COLLATE=utf8mb4_0900_ai_ci;
/*!40101 SET character_set_client = @saved_cs_client */;

--
-- Dumping data for table `televerification`
--

LOCK TABLES `televerification` WRITE;
/*!40000 ALTER TABLE `televerification` DISABLE KEYS */;
INSERT INTO `televerification` VALUES (1,'2025-001','V001','Student communicated well and explained his financial problems clearly.','Selected','2025-02-01'),(2,'2025-002','V002','Student was not responsive and details shared were incomplete.','Selected','2025-02-01'),(3,'2025-003','V003','Student gave consistent answers and appears genuine.','Selected','2025-02-02'),(4,'2025-004','V001','Phone unreachable after multiple attempts.','Selected','2025-02-02'),(5,'2025-005','V002','Student’s situation appears genuine. Recommended for PV.','Selected','2025-02-03'),(11,'2025-006','v002','He seems to be good student with excellent marks','Selected','2025-02-01');
/*!40000 ALTER TABLE `televerification` ENABLE KEYS */;
UNLOCK TABLES;

--
-- Table structure for table `volunteer`
--

DROP TABLE IF EXISTS `volunteer`;
/*!40101 SET @saved_cs_client     = @@character_set_client */;
/*!50503 SET character_set_client = utf8mb4 */;
CREATE TABLE `volunteer` (
  `volunteerId` varchar(50) NOT NULL,
  `name` varchar(100) DEFAULT NULL,
  `passed_out` varchar(20) DEFAULT NULL,
  `college` varchar(150) DEFAULT NULL,
  `phone` varchar(20) DEFAULT NULL,
  `email` varchar(100) DEFAULT NULL,
  `password` varchar(255) DEFAULT NULL,
  `role` varchar(20) DEFAULT 'volunteer',
  PRIMARY KEY (`volunteerId`)
) ENGINE=InnoDB DEFAULT CHARSET=utf8mb4 COLLATE=utf8mb4_0900_ai_ci;
/*!40101 SET character_set_client = @saved_cs_client */;

--
-- Dumping data for table `volunteer`
--

LOCK TABLES `volunteer` WRITE;
/*!40000 ALTER TABLE `volunteer` DISABLE KEYS */;
INSERT INTO `volunteer` VALUES ('V001','Arun Kumar','2022','PSG College of Technology','9876543210','arun.kumar@example.com','arun@123','admin'),('V002','Priya Sharma','2021','Anna University','9001234567','priya.sharma@example.com','priya@123','tv'),('V003','Rahul M','2023','Kumaraguru College of Technology','9797979797','rahul.m@example.com','rahul@123','pv'),('V004','Sneha R','2020','Sri Krishna Engineering College','8884442221','sneha.r@example.com','sneha@123','volunteer'),('V005','Vignesh S','2022','Hindusthan College of Engineering','9090909090','vignesh.s@example.com','vicky@123','volunteer');
/*!40000 ALTER TABLE `volunteer` ENABLE KEYS */;
UNLOCK TABLES;
/*!40103 SET TIME_ZONE=@OLD_TIME_ZONE */;

/*!40101 SET SQL_MODE=@OLD_SQL_MODE */;
/*!40014 SET FOREIGN_KEY_CHECKS=@OLD_FOREIGN_KEY_CHECKS */;
/*!40014 SET UNIQUE_CHECKS=@OLD_UNIQUE_CHECKS */;
/*!40101 SET CHARACTER_SET_CLIENT=@OLD_CHARACTER_SET_CLIENT */;
/*!40101 SET CHARACTER_SET_RESULTS=@OLD_CHARACTER_SET_RESULTS */;
/*!40101 SET COLLATION_CONNECTION=@OLD_COLLATION_CONNECTION */;
/*!40111 SET SQL_NOTES=@OLD_SQL_NOTES */;

-- Dump completed on 2025-12-23 15:40:20
